game_id,game_category
115,ANOTHER_CATEGORY
138,ANOTHER_CATEGORY
12903,ANOTHER_CATEGORY
13547,ANOTHER_CATEGORY
2184103,ANOTHER_CATEGORY
6093896,ANOTHER_CATEGORY
7484913,GENRE_SIMULATORS
8061868,GENRE_BOARDS
10930934,ANOTHER_CATEGORY
13422018,GENRE_COMMUNICATION
13830912,ANOTHER_CATEGORY
14030023,GENRE_GAMBLING
14097275,GENRE_ECONOMIC
14400921,GENRE_ECONOMIC
14581632,GENRE_RACING
14793048,GENRE_COMMUNICATION
15304315,ANOTHER_CATEGORY
15570586,GENRE_BOARDS
16089029,GENRE_GAMBLING
16356059,GENRE_ECONOMIC
16941892,GENRE_RACING
16991365,GENRE_ROLE
36952375,GENRE_BOARDS
39096665,GENRE_GAMBLING
39148116,GENRE_COMMUNICATION
39326274,GENRE_LOGIC
39356243,GENRE_SIMULATORS
39470875,GENRE_ROLE
39539990,GENRE_BOARDS
39571017,GENRE_GAMBLING
39858770,GENRE_QUESTS
40032834,GENRE_COMMUNICATION
40129388,GENRE_STRATEGY
40498354,GENRE_ECONOMIC
41099114,GENRE_STRATEGY
41127588,GENRE_COMMUNICATION
41127611,GENRE_HYPERCASUAL
41280446,ANOTHER_CATEGORY
41643018,GENRE_BOARDS
41675264,GENRE_LOGIC
41766919,GENRE_GAMBLING
41916396,GENRE_SIMULATORS
42096118,GENRE_GAMBLING
42230645,GENRE_STRATEGY
42361860,GENRE_ECONOMIC
42426306,GENRE_SIMULATORS
42486152,GENRE_ECONOMIC
42598254,GENRE_BOARDS
42618057,GENRE_ECONOMIC
42735610,GENRE_ECONOMIC
42890193,GENRE_ECONOMIC
43228293,GENRE_SIMULATORS
43344213,GENRE_SIMULATORS
43361946,GENRE_ROLE
43421332,GENRE_BOARDS
43427335,GENRE_ROLE
43437915,GENRE_QUESTS
43598501,GENRE_ECONOMIC
43658439,GENRE_ECONOMIC
43701725,GENRE_RACING
43867256,GENRE_BOARDS
43903021,GENRE_ECONOMIC
44038468,GENRE_STRATEGY
44051049,GENRE_ECONOMIC
44112781,GENRE_QUESTS
44333926,GENRE_GAMBLING
44391633,GENRE_COMMUNICATION
44530369,GENRE_COMMUNICATION
44645599,GENRE_LOGIC
44919644,GENRE_HYPERCASUAL
45221059,ANOTHER_CATEGORY
45282469,GENRE_GAMBLING
45287690,GENRE_GAMBLING
45496990,GENRE_STRATEGY
45539356,GENRE_BOARDS
45582987,GENRE_QUESTS
45662291,GENRE_GAMBLING
45681335,GENRE_SIMULATORS
45716318,GENRE_STRATEGY
45752727,GENRE_GAMBLING
45794127,GENRE_ROLE
45900686,GENRE_QUESTS
46129674,GENRE_ECONOMIC
46143727,GENRE_BOARDS
46435137,GENRE_HYPERCASUAL
46657984,GENRE_SIMULATORS
46783610,GENRE_3D_SHOOTERS
47009240,ANOTHER_CATEGORY
47057218,GENRE_COMMUNICATION
47093006,GENRE_ECONOMIC
47271601,GENRE_ECONOMIC
49065463,GENRE_THREE_IN_ROW
49368511,GENRE_COMMUNICATION
49434337,GENRE_GAMBLING
49434751,GENRE_VERBAL
49434797,GENRE_VERBAL
49455704,GENRE_COMMUNICATION
49596464,GENRE_GAMBLING
49768458,GENRE_RACING
49782557,GENRE_STRATEGY
50005266,GENRE_COMMUNICATION
50016260,ANOTHER_CATEGORY
50643562,GENRE_SIMULATORS
50775260,GENRE_ROLE
50884786,GENRE_ROLE
50925680,GENRE_ECONOMIC
51154001,GENRE_ECONOMIC
51551257,GENRE_ECONOMIC
51881882,GENRE_ECONOMIC
51882825,GENRE_SIMULATORS
52014983,ANOTHER_CATEGORY
52391562,GENRE_QUESTS
52825388,GENRE_ECONOMIC
53055388,GENRE_ECONOMIC
53346844,GENRE_ROLE
53445169,GENRE_ECONOMIC
53556420,GENRE_3D_SHOOTERS
53998687,GENRE_STRATEGY
54039880,GENRE_SIMULATORS
54098254,GENRE_3D_SHOOTERS
54212311,GENRE_STRATEGY
54279034,GENRE_QUESTS
54523225,GENRE_GAMBLING
54726936,GENRE_ECONOMIC
54858496,GENRE_LOGIC
54940606,GENRE_ECONOMIC
55166213,GENRE_COMMUNICATION
55305064,GENRE_HYPERCASUAL
56157191,GENRE_HYPERCASUAL
56707006,GENRE_SIMULATORS
56709766,GENRE_BOARDS
56810023,GENRE_LOGIC
56858507,GENRE_BOARDS
56892409,GENRE_GAMBLING
56912856,GENRE_ROLE
57396500,GENRE_RACING
60313866,GENRE_BOARDS
60341788,GENRE_HYPERCASUAL
60607415,ANOTHER_CATEGORY
60837277,GENRE_STRATEGY
60884358,GENRE_ECONOMIC
60884887,GENRE_ROLE
62175739,GENRE_LOGIC
62240323,GENRE_HYPERCASUAL
62404842,GENRE_HYPERCASUAL
62604367,GENRE_HYPERCASUAL
62865555,GENRE_BOARDS
63314308,GENRE_HYPERCASUAL
63367967,GENRE_BOARDS
64012312,GENRE_SIMULATORS
64084624,GENRE_QUESTS
64589911,GENRE_COMMUNICATION
65054442,GENRE_COMMUNICATION
65213740,GENRE_COMMUNICATION
65415818,GENRE_HYPERCASUAL
65653224,GENRE_HYPERCASUAL
66133717,GENRE_ROLE
66273350,GENRE_ECONOMIC
66652758,GENRE_HYPERCASUAL
66741883,GENRE_HYPERCASUAL
67040653,GENRE_VERBAL
67260303,GENRE_QUESTS
67633800,GENRE_SIMULATORS
67723431,GENRE_SIMULATORS
68363130,GENRE_STRATEGY
68450898,GENRE_QUESTS
68520496,GENRE_SIMULATORS
68939970,GENRE_SIMULATORS
69107870,GENRE_ECONOMIC
69112838,GENRE_BOARDS
69141496,GENRE_HYPERCASUAL
69262453,GENRE_HYPERCASUAL
69292031,GENRE_SIMULATORS
69453905,GENRE_COMMUNICATION
69678431,GENRE_HYPERCASUAL
69786807,GENRE_ECONOMIC
69795455,GENRE_3D_SHOOTERS
69837269,GENRE_SIMULATORS
69868112,GENRE_STRATEGY
70082817,GENRE_COMMUNICATION
70103218,GENRE_3D_SHOOTERS
70288598,GENRE_SIMULATORS
70376435,GENRE_QUESTS
70531823,GENRE_HYPERCASUAL
70607493,GENRE_QUESTS
70851546,GENRE_HYPERCASUAL
70914566,GENRE_ECONOMIC
71153283,GENRE_SIMULATORS
71604957,GENRE_ROLE
71964585,GENRE_COMMUNICATION
72328031,GENRE_COMMUNICATION
72677401,GENRE_BOARDS
72849855,GENRE_BOARDS
72850660,GENRE_BOARDS
72892819,GENRE_GAMBLING
72893049,GENRE_BOARDS
72893486,GENRE_BOARDS
72961704,GENRE_LOGIC
73091815,GENRE_BOARDS
73091976,GENRE_BOARDS
73092367,GENRE_BOARDS
73110399,GENRE_COMMUNICATION
73184758,GENRE_BOARDS
73184988,GENRE_BOARDS
73185310,GENRE_BOARDS
73264798,GENRE_STRATEGY
73407536,GENRE_GAMBLING
73407858,GENRE_BOARDS
73463357,GENRE_SIMULATORS
73632959,GENRE_STRATEGY
73829195,GENRE_3D_SHOOTERS
73866915,GENRE_HYPERCASUAL
73900794,GENRE_ECONOMIC
74094615,GENRE_3D_SHOOTERS
74833789,GENRE_QUESTS
74838918,GENRE_QUESTS
75308210,GENRE_QUESTS
75353198,GENRE_SIMULATORS
75640238,GENRE_SIMULATORS
76010354,GENRE_3D_SHOOTERS
76487167,GENRE_SIMULATORS
76905606,GENRE_RACING
76995582,GENRE_SIMULATORS
78178564,GENRE_BOARDS
79152499,GENRE_COMMUNICATION
79271869,GENRE_QUESTS
79590672,GENRE_BOARDS
79759423,GENRE_GAMBLING
79794889,GENRE_STRATEGY
80293575,GENRE_COMMUNICATION
80360436,GENRE_STRATEGY
80530889,GENRE_LOGIC
80558880,GENRE_COMMUNICATION
80684552,GENRE_BOARDS
81838876,GENRE_STRATEGY
81994586,GENRE_ROLE
82322635,GENRE_3D_SHOOTERS
82673408,GENRE_SIMULATORS
82783785,GENRE_LOGIC
82790961,GENRE_HYPERCASUAL
82915621,GENRE_LOGIC
83502742,GENRE_QUESTS
83639845,GENRE_3D_SHOOTERS
83814438,GENRE_STRATEGY
83832148,GENRE_RACING
84261098,GENRE_3D_SHOOTERS
84347417,GENRE_BOARDS
84369497,GENRE_BOARDS
84670751,GENRE_3D_SHOOTERS
84978997,GENRE_RACING
85325400,GENRE_THREE_IN_ROW
85734225,GENRE_LOGIC
85762653,GENRE_BOARDS
86044656,GENRE_THREE_IN_ROW
88070680,GENRE_SIMULATORS
88433137,GENRE_QUESTS
88452020,GENRE_HYPERCASUAL
88538983,GENRE_THREE_IN_ROW
88846447,GENRE_QUESTS
88955812,GENRE_3D_SHOOTERS
89024214,GENRE_BOARDS
89047306,GENRE_QUESTS
89297753,GENRE_THREE_IN_ROW
89362176,GENRE_COMMUNICATION
89608391,GENRE_SIMULATORS
89690800,GENRE_RACING
89699172,GENRE_GAMBLING
89826477,GENRE_STRATEGY
89845360,GENRE_ECONOMIC
89927516,GENRE_SIMULATORS
90148799,GENRE_COMMUNICATION
90268100,GENRE_BOARDS
90805173,GENRE_SIMULATORS
90904395,GENRE_RACING
91088096,GENRE_BOARDS
91522750,GENRE_SIMULATORS
91559389,GENRE_BOARDS
91903285,GENRE_HYPERCASUAL
92233243,GENRE_STRATEGY
92437000,GENRE_ECONOMIC
92513567,GENRE_GAMBLING
93171413,GENRE_HYPERCASUAL
93242092,GENRE_LOGIC
94035017,GENRE_SIMULATORS
94415736,GENRE_VERBAL
94728720,GENRE_BOARDS
94970657,GENRE_BOARDS
95340336,GENRE_ROLE
95610908,GENRE_BOARDS
95712223,GENRE_ECONOMIC
96110606,GENRE_ECONOMIC
96368413,GENRE_COMMUNICATION
96939871,GENRE_BOARDS
96969564,GENRE_LOGIC
97291840,GENRE_SIMULATORS
97500128,GENRE_ROLE
97549946,GENRE_ECONOMIC
97748574,GENRE_THREE_IN_ROW
98058292,GENRE_LOGIC
98208666,GENRE_GAMBLING
98517878,GENRE_GAMBLING
98542879,GENRE_BOARDS
98817154,GENRE_LOGIC
99253671,GENRE_ROLE
99499242,GENRE_STRATEGY
99660978,GENRE_COMMUNICATION
99708703,GENRE_LOGIC
99836583,GENRE_COMMUNICATION
100345297,GENRE_ECONOMIC
100634568,GENRE_ROLE
100641859,GENRE_STRATEGY
100735676,GENRE_STRATEGY
100888971,GENRE_QUESTS
101045187,GENRE_HYPERCASUAL
101142983,GENRE_COMMUNICATION
101306835,GENRE_SIMULATORS
101464040,GENRE_3D_SHOOTERS
101597624,GENRE_3D_SHOOTERS
101687278,GENRE_BOARDS
101884687,GENRE_STRATEGY
102435974,GENRE_LOGIC
102624482,GENRE_STRATEGY
102670482,GENRE_STRATEGY
103168202,GENRE_LOGIC
103181542,GENRE_3D_SHOOTERS
103949673,GENRE_SIMULATORS
104046779,GENRE_THREE_IN_ROW
104271236,GENRE_LOGIC
104282023,GENRE_QUESTS
104866246,GENRE_SIMULATORS
105150595,GENRE_LOGIC
105302372,GENRE_RACING
105437842,GENRE_STRATEGY
105939012,GENRE_HYPERCASUAL
105966106,GENRE_QUESTS
105972845,GENRE_ROLE
106037820,GENRE_LOGIC
106233274,GENRE_ROLE
106687018,GENRE_ROLE
107188763,GENRE_BOARDS
107231083,GENRE_HYPERCASUAL
107302084,GENRE_BOARDS
107412323,GENRE_LOGIC
107412461,GENRE_LOGIC
107420258,GENRE_ECONOMIC
107420787,GENRE_VERBAL
107460784,GENRE_COMMUNICATION
107480909,GENRE_BOARDS
107685540,GENRE_3D_SHOOTERS
108084613,GENRE_ROLE
108123276,GENRE_QUESTS
108610738,GENRE_LOGIC
108611474,GENRE_BOARDS
108871650,GENRE_HYPERCASUAL
108960039,GENRE_3D_SHOOTERS
109012548,GENRE_LOGIC
109067058,GENRE_BOARDS
109177895,GENRE_LOGIC
109411920,GENRE_BOARDS
109583017,GENRE_ROLE
110170828,GENRE_SIMULATORS
110181684,GENRE_SIMULATORS
110195323,GENRE_ROLE
110489125,GENRE_THREE_IN_ROW
110903447,GENRE_LOGIC
111082663,GENRE_LOGIC
111177377,GENRE_LOGIC
111235843,GENRE_GAMBLING
111301255,GENRE_3D_SHOOTERS
111587743,GENRE_SIMULATORS
111999558,GENRE_ROLE
112024168,GENRE_SIMULATORS
112204396,GENRE_ECONOMIC
112281124,GENRE_SIMULATORS
112377632,GENRE_BOARDS
112466711,GENRE_BOARDS
113283096,GENRE_GAMBLING
113311639,GENRE_BOARDS
113394393,GENRE_3D_SHOOTERS
113408722,GENRE_3D_SHOOTERS
113434160,GENRE_SIMULATORS
113501113,GENRE_SIMULATORS
113643644,GENRE_BOARDS
113649647,GENRE_HYPERCASUAL
113780701,GENRE_ROLE
114055459,GENRE_ARCADES
114108221,GENRE_VERBAL
114108566,GENRE_BOARDS
114174461,GENRE_ARCADES
114737340,GENRE_STRATEGY
114792563,GENRE_SIMULATORS
114853007,GENRE_SIMULATORS
114887622,GENRE_ECONOMIC
115045471,GENRE_LOGIC
115300817,GENRE_THREE_IN_ROW
115355626,GENRE_3D_SHOOTERS
115733217,GENRE_SIMULATORS
115852794,GENRE_BOARDS
116009378,GENRE_THREE_IN_ROW
116146941,GENRE_SIMULATORS
116244162,GENRE_BOARDS
116253293,GENRE_GAMBLING
116595809,GENRE_GAMBLING
116910334,GENRE_BOARDS
116991225,GENRE_SIMULATORS
117232587,GENRE_BOARDS
117374382,GENRE_SIMULATORS
117465692,GENRE_3D_SHOOTERS
117606130,GENRE_LOGIC
117619562,GENRE_VERBAL
117789325,GENRE_COMMUNICATION
117859498,GENRE_QUESTS
117860441,GENRE_COMMUNICATION
118154450,GENRE_LOGIC
118270324,GENRE_BOARDS
118293163,GENRE_HYPERCASUAL
118926698,GENRE_ROLE
119044274,GENRE_3D_SHOOTERS
119056441,GENRE_LOGIC
119131007,GENRE_GAMBLING
119182021,GENRE_LOGIC
119222754,GENRE_3D_SHOOTERS
119325564,GENRE_BOARDS
119356269,GENRE_STRATEGY
119516418,GENRE_STRATEGY
119615111,GENRE_BOARDS
120180428,GENRE_ROLE
120215020,GENRE_STRATEGY
120548359,GENRE_STRATEGY
120593876,GENRE_BOARDS
120890438,GENRE_3D_SHOOTERS
121252642,GENRE_VERBAL
121559439,GENRE_BOARDS
121576873,GENRE_SIMULATORS
122538135,GENRE_ROLE
122639519,GENRE_STRATEGY
123122335,GENRE_LOGIC
124407529,GENRE_3D_SHOOTERS
124796298,GENRE_STRATEGY
125406833,GENRE_LOGIC
125495728,GENRE_GAMBLING
125517187,GENRE_LOGIC
125607922,GENRE_GAMBLING
126664657,GENRE_GAMBLING
126958850,GENRE_STRATEGY
127337706,GENRE_QUESTS
127693723,GENRE_ROLE
127788391,GENRE_ECONOMIC
127898906,GENRE_SIMULATORS
128016781,GENRE_GAMBLING
128259270,GENRE_LOGIC
128382757,GENRE_GAMBLING
128593920,GENRE_3D_SHOOTERS
128793606,GENRE_ECONOMIC
128856350,GENRE_STRATEGY
128958148,GENRE_COMMUNICATION
129052103,GENRE_3D_SHOOTERS
129376932,GENRE_RACING
129384062,GENRE_THREE_IN_ROW
129485998,GENRE_ROLE
129599112,GENRE_LOGIC
129804479,GENRE_THREE_IN_ROW
129848018,GENRE_STRATEGY
129922653,GENRE_COMMUNICATION
130313423,GENRE_3D_SHOOTERS
130451124,GENRE_STRATEGY
130475757,GENRE_ROLE
130567734,GENRE_3D_SHOOTERS
130588158,GENRE_3D_SHOOTERS
130710817,GENRE_ROLE
131171047,GENRE_QUESTS
131541761,GENRE_ROLE
132093968,GENRE_ECONOMIC
132134517,GENRE_THREE_IN_ROW
132137944,GENRE_LOGIC
132426663,GENRE_THREE_IN_ROW
132816858,GENRE_ROLE
133107072,GENRE_QUESTS
133118871,GENRE_ROLE
133210204,GENRE_ECONOMIC
133560402,GENRE_SIMULATORS
133585150,GENRE_RACING
133795531,GENRE_ECONOMIC
133805835,GENRE_BOARDS
134486911,GENRE_LOGIC
134644714,GENRE_STRATEGY
134936561,GENRE_GAMBLING
135393272,GENRE_HYPERCASUAL
135453555,GENRE_GAMBLING
135652275,GENRE_STRATEGY
135653126,GENRE_QUESTS
135928988,GENRE_ROLE
135939453,GENRE_LOGIC
136044287,GENRE_ROLE
136297402,GENRE_BOARDS
136371968,GENRE_ARCADES
136573609,GENRE_STRATEGY
136643460,GENRE_STRATEGY
137038186,GENRE_ECONOMIC
137384175,GENRE_HYPERCASUAL
137759696,GENRE_LOGIC
137804776,GENRE_STRATEGY
137840334,GENRE_SIMULATORS
138010902,GENRE_QUESTS
138058190,GENRE_GAMBLING
138104466,GENRE_BOARDS
138132871,GENRE_ROLE
138132940,GENRE_ECONOMIC
138133009,GENRE_QUESTS
138183356,GENRE_HYPERCASUAL
138329590,GENRE_3D_SHOOTERS
138644552,GENRE_SIMULATORS
138644667,GENRE_ROLE
138820226,GENRE_3D_SHOOTERS
138823239,GENRE_BOARDS
138869423,GENRE_BOARDS
139109198,GENRE_BOARDS
139220863,GENRE_STRATEGY
139414730,GENRE_3D_SHOOTERS
139691604,GENRE_BOARDS
139837815,GENRE_3D_SHOOTERS
139891865,GENRE_SIMULATORS
140163150,GENRE_LOGIC
140408169,GENRE_QUESTS
140540833,GENRE_3D_SHOOTERS
140543662,GENRE_LOGIC
140596838,GENRE_GAMBLING
140679063,GENRE_GAMBLING
140708181,GENRE_LOGIC
141308366,GENRE_VERBAL
141318164,GENRE_BOARDS
141516792,GENRE_ROLE
141674250,GENRE_COMMUNICATION
141806385,GENRE_ROLE
142296331,GENRE_ECONOMIC
142390056,GENRE_QUESTS
142941228,GENRE_ARCADES
143111037,GENRE_QUESTS
143214100,GENRE_ROLE
143414223,GENRE_STRATEGY
143552361,GENRE_THREE_IN_ROW
143602455,GENRE_ECONOMIC
144162965,GENRE_SIMULATORS
144248916,GENRE_ROLE
144339513,GENRE_BOARDS
144358948,GENRE_ROLE
144525583,GENRE_STRATEGY
144549020,GENRE_THREE_IN_ROW
144572549,GENRE_BOARDS
144690838,GENRE_GAMBLING
144739644,GENRE_ECONOMIC
144755606,GENRE_BOARDS
145159992,GENRE_BOARDS
145639105,GENRE_BOARDS
145772321,GENRE_3D_SHOOTERS
145787593,GENRE_STRATEGY
145836399,GENRE_RACING
145872325,GENRE_BOARDS
146081441,GENRE_VERBAL
146104740,GENRE_ECONOMIC
146247432,GENRE_COMMUNICATION
146670103,GENRE_STRATEGY
146773649,GENRE_THREE_IN_ROW
146931452,GENRE_ROLE
147238341,GENRE_BOARDS
147548243,GENRE_BOARDS
147595416,GENRE_VERBAL
148073011,GENRE_GAMBLING
148231136,GENRE_BOARDS
148369481,GENRE_LOGIC
148437745,GENRE_VERBAL
148542878,GENRE_QUESTS
148645228,GENRE_ROLE
148648839,GENRE_GAMBLING
148678992,GENRE_SIMULATORS
148869294,GENRE_HYPERCASUAL
148949242,GENRE_BOARDS
148949311,GENRE_BOARDS
148949334,GENRE_BOARDS
149015643,GENRE_BOARDS
149015712,GENRE_BOARDS
149015735,GENRE_GAMBLING
149184946,GENRE_HYPERCASUAL
149192306,GENRE_BOARDS
149200333,GENRE_BOARDS
149200655,GENRE_GAMBLING
149225564,GENRE_BOARDS
149542780,GENRE_HYPERCASUAL
151822977,GENRE_RACING
151905018,GENRE_GAMBLING
152260759,GENRE_COMMUNICATION
152303815,GENRE_BOARDS
152345307,GENRE_HYPERCASUAL
152637499,GENRE_BOARDS
152740516,GENRE_HYPERCASUAL
152760526,GENRE_THREE_IN_ROW
152953404,GENRE_HYPERCASUAL
153049613,GENRE_LOGIC
153132413,GENRE_HYPERCASUAL
153239202,GENRE_3D_SHOOTERS
153560236,GENRE_GAMBLING
153695775,GENRE_GAMBLING
153747640,GENRE_STRATEGY
153823563,GENRE_ROLE
153958366,GENRE_SIMULATORS
154141837,GENRE_LOGIC
154316292,GENRE_SIMULATORS
154360613,GENRE_STRATEGY
154416917,GENRE_HYPERCASUAL
154445506,GENRE_LOGIC
154651517,GENRE_HYPERCASUAL
154688869,GENRE_3D_SHOOTERS
154791748,GENRE_HYPERCASUAL
154842486,GENRE_ROLE
155103582,GENRE_QUESTS
155140451,GENRE_THREE_IN_ROW
155163083,GENRE_LOGIC
155172444,GENRE_HYPERCASUAL
155327073,GENRE_THREE_IN_ROW
155344576,GENRE_SIMULATORS
155579774,GENRE_BOARDS
155783324,GENRE_GAMBLING
156102748,GENRE_LOGIC
156616131,GENRE_LOGIC
156683521,GENRE_THREE_IN_ROW
156746380,GENRE_GAMBLING
156933025,GENRE_HYPERCASUAL
157106330,GENRE_THREE_IN_ROW
157116588,GENRE_THREE_IN_ROW
157352453,GENRE_STRATEGY
157696119,GENRE_SIMULATORS
157730159,GENRE_3D_SHOOTERS
157732344,GENRE_LOGIC
157938539,GENRE_LOGIC
158581527,GENRE_SIMULATORS
158807456,GENRE_BOARDS
159077522,GENRE_BOARDS
159088240,GENRE_BOARDS
159242662,GENRE_ECONOMIC
159298276,GENRE_COMMUNICATION
159382318,GENRE_ECONOMIC
159409780,GENRE_THREE_IN_ROW
159462726,GENRE_LOGIC
159489682,GENRE_ECONOMIC
159626693,GENRE_BOARDS
159876450,GENRE_GAMBLING
159891653,GENRE_HYPERCASUAL
160226717,GENRE_GAMBLING
160487698,GENRE_LOGIC
160699597,GENRE_THREE_IN_ROW
160784536,GENRE_LOGIC
160816874,GENRE_GAMBLING
160884632,GENRE_HYPERCASUAL
160975367,GENRE_3D_SHOOTERS
160989834,GENRE_BOARDS
161213440,GENRE_GAMBLING
161378051,GENRE_THREE_IN_ROW
161468740,GENRE_ROLE
161616607,GENRE_GAMBLING
161766199,GENRE_STRATEGY
161910202,GENRE_3D_SHOOTERS
162037231,GENRE_BOARDS
162060737,GENRE_THREE_IN_ROW
162501670,GENRE_ROLE
162744895,GENRE_BOARDS
162745102,GENRE_ROLE
163215038,GENRE_SIMULATORS
163611236,GENRE_QUESTS
163622920,GENRE_SIMULATORS
163661859,GENRE_ECONOMIC
164087520,GENRE_STRATEGY
164105667,GENRE_QUESTS
164176277,GENRE_STRATEGY
164203371,GENRE_VERBAL
164210432,GENRE_THREE_IN_ROW
164235433,GENRE_ROLE
164401562,GENRE_BOARDS
164454876,GENRE_LOGIC
164576845,GENRE_THREE_IN_ROW
164730186,GENRE_VERBAL
164922052,GENRE_COMMUNICATION
164944730,GENRE_HYPERCASUAL
165179054,GENRE_HYPERCASUAL
165190048,GENRE_STRATEGY
165229516,GENRE_THREE_IN_ROW
165367700,GENRE_HYPERCASUAL
165478859,GENRE_QUESTS
165616445,GENRE_ROLE
165616468,GENRE_ROLE
165616560,GENRE_STRATEGY
165760034,GENRE_STRATEGY
166006985,GENRE_SIMULATORS
166280731,GENRE_THREE_IN_ROW
166343843,GENRE_GAMBLING
166398376,GENRE_VERBAL
166404379,GENRE_HYPERCASUAL
166509282,GENRE_SIMULATORS
166652595,GENRE_COMMUNICATION
166851430,GENRE_ROLE
167036350,GENRE_ROLE
167129592,GENRE_BOARDS
167204112,GENRE_COMMUNICATION
167326334,GENRE_STRATEGY
167721313,GENRE_THREE_IN_ROW
168541907,GENRE_ROLE
168557501,GENRE_BOARDS
168917681,GENRE_GAMBLING
168968074,GENRE_ROLE
168987210,GENRE_HYPERCASUAL
169116079,GENRE_VERBAL
169147658,GENRE_HYPERCASUAL
169296859,GENRE_THREE_IN_ROW
169362639,GENRE_GAMBLING
169398013,GENRE_LOGIC
169413538,GENRE_LOGIC
169833863,GENRE_THREE_IN_ROW
170065312,GENRE_VERBAL
170149423,GENRE_ROLE
170196895,GENRE_QUESTS
170283536,GENRE_LOGIC
170374984,GENRE_LOGIC
170413854,GENRE_THREE_IN_ROW
170598866,GENRE_LOGIC
170732266,GENRE_LOGIC
170879765,GENRE_BOARDS
170891127,GENRE_LOGIC
170892415,GENRE_LOGIC
170894600,GENRE_LOGIC
170918566,GENRE_ECONOMIC
171439838,GENRE_BOARDS
171557414,GENRE_LOGIC
171712043,GENRE_GAMBLING
171936753,GENRE_GAMBLING
171939467,GENRE_LOGIC
172009870,GENRE_STRATEGY
172101801,GENRE_HYPERCASUAL
172125514,GENRE_LOGIC
172399651,GENRE_HYPERCASUAL
172403469,GENRE_3D_SHOOTERS
172673489,GENRE_ROLE
172681493,GENRE_3D_SHOOTERS
172692855,GENRE_LOGIC
172874463,GENRE_HYPERCASUAL
173015200,GENRE_BOARDS
173340627,GENRE_BOARDS
173361879,GENRE_ECONOMIC
173392239,GENRE_LOGIC
173556275,GENRE_LOGIC
173610555,GENRE_SIMULATORS
173673069,GENRE_LOGIC
173752626,GENRE_SIMULATORS
173763436,GENRE_LOGIC
173857598,GENRE_VERBAL
173881794,GENRE_HYPERCASUAL
173978808,GENRE_ROLE
173978877,GENRE_ROLE
174064069,GENRE_BOARDS
174080100,GENRE_BOARDS
174138152,GENRE_3D_SHOOTERS
174145742,GENRE_LOGIC
174243722,GENRE_SIMULATORS
174353064,GENRE_THREE_IN_ROW
174452401,GENRE_ARCADES
174546264,GENRE_SIMULATORS
174588354,GENRE_HYPERCASUAL
174765454,GENRE_VERBAL
174771181,GENRE_ARCADES
174899613,GENRE_HYPERCASUAL
174899728,GENRE_QUESTS
174927374,GENRE_LOGIC
174929007,GENRE_LOGIC
174975467,GENRE_STRATEGY
175020110,GENRE_VERBAL
175138054,GENRE_THREE_IN_ROW
175194105,GENRE_LOGIC
175280746,GENRE_ECONOMIC
175286013,GENRE_HYPERCASUAL
175295351,GENRE_ECONOMIC
175332979,GENRE_HYPERCASUAL
175334060,GENRE_VERBAL
175398897,GENRE_HYPERCASUAL
175419091,GENRE_THREE_IN_ROW
175425945,GENRE_LOGIC
175427348,GENRE_ROLE
175452625,GENRE_STRATEGY
175478799,GENRE_HYPERCASUAL
175582828,GENRE_GAMBLING
175588233,GENRE_RACING
175731776,GENRE_LOGIC
175849812,GENRE_LOGIC
176214132,GENRE_LOGIC
176323152,GENRE_GAMBLING
176391922,GENRE_SIMULATORS
176600095,GENRE_BOARDS
176625165,GENRE_3D_SHOOTERS
176693199,GENRE_GAMBLING
176726687,GENRE_THREE_IN_ROW
176730551,GENRE_HYPERCASUAL
176782186,GENRE_HYPERCASUAL
176811580,GENRE_LOGIC
176849599,GENRE_LOGIC
176877981,GENRE_HYPERCASUAL
176883846,GENRE_RACING
176885916,GENRE_ECONOMIC
177039855,GENRE_LOGIC
177082681,GENRE_HYPERCASUAL
177087258,GENRE_ROLE
177167896,GENRE_LOGIC
177212332,GENRE_GAMBLING
177234826,GENRE_LOGIC
177334761,GENRE_HYPERCASUAL
177371883,GENRE_STRATEGY
177420436,GENRE_LOGIC
177441826,GENRE_BOARDS
177676541,GENRE_ROLE
177676656,GENRE_ROLE
177681371,GENRE_THREE_IN_ROW
177694573,GENRE_THREE_IN_ROW
177695585,GENRE_BOARDS
177741838,GENRE_BOARDS
177751199,GENRE_ROLE
177833309,GENRE_LOGIC
177901113,GENRE_LOGIC
177962891,GENRE_COMMUNICATION
178065655,GENRE_GAMBLING
178109999,GENRE_THREE_IN_ROW
178302141,GENRE_HYPERCASUAL
178402950,GENRE_RACING
178406009,GENRE_HYPERCASUAL
178547942,GENRE_LOGIC
178610180,GENRE_COMMUNICATION
178621749,GENRE_STRATEGY
178628281,GENRE_BOARDS
178637021,GENRE_BOARDS
178662804,GENRE_LOGIC
178698178,GENRE_HYPERCASUAL
178726790,GENRE_HYPERCASUAL
178770490,GENRE_LOGIC
178799723,GENRE_LOGIC
178820561,GENRE_HYPERCASUAL
178861478,GENRE_ECONOMIC
178919438,GENRE_LOGIC
179088948,GENRE_HYPERCASUAL
179103139,GENRE_RACING
179139180,GENRE_HYPERCASUAL
179210480,GENRE_LOGIC
179252271,GENRE_SIMULATORS
179258642,GENRE_LOGIC
179276237,GENRE_HYPERCASUAL
179306827,GENRE_SIMULATORS
179332794,GENRE_LOGIC
179398367,GENRE_HYPERCASUAL
179402599,GENRE_HYPERCASUAL
179423115,GENRE_HYPERCASUAL
179450991,GENRE_SIMULATORS
179471944,GENRE_BOARDS
179479028,GENRE_VERBAL
179502741,GENRE_LOGIC
179551777,GENRE_LOGIC
179577422,GENRE_LOGIC
179603987,GENRE_HYPERCASUAL
179607851,GENRE_THREE_IN_ROW
179613992,GENRE_THREE_IN_ROW
179668249,GENRE_BOARDS
179699207,GENRE_SIMULATORS
179752107,GENRE_HYPERCASUAL
179767701,GENRE_ARCADES
179769978,GENRE_ARCADES
179772393,GENRE_HYPERCASUAL
179804501,GENRE_RACING
179805789,GENRE_BOARDS
179841439,GENRE_THREE_IN_ROW
179881965,GENRE_LOGIC
179903999,GENRE_LOGIC
179940960,GENRE_GAMBLING
180001542,GENRE_HYPERCASUAL
180030062,GENRE_HYPERCASUAL
180056696,GENRE_BOARDS
180111413,GENRE_SIMULATORS
180125006,GENRE_HYPERCASUAL
180175146,GENRE_LOGIC
180210566,GENRE_BOARDS
180224849,GENRE_SIMULATORS
180272344,GENRE_QUESTS
180286834,GENRE_LOGIC
180309834,GENRE_THREE_IN_ROW
180349187,GENRE_LOGIC
180354523,GENRE_ROLE
180363838,GENRE_LOGIC
180380835,GENRE_GAMBLING
180411057,GENRE_HYPERCASUAL
180423523,GENRE_SIMULATORS
180452411,GENRE_ARCADES
180515293,GENRE_COMMUNICATION
180520859,GENRE_HYPERCASUAL
180547976,GENRE_VERBAL
180558326,GENRE_BOARDS
180601566,GENRE_GAMBLING
180602095,GENRE_HYPERCASUAL
180630546,GENRE_THREE_IN_ROW
180637630,GENRE_LOGIC
180646416,GENRE_GAMBLING
180682112,GENRE_HYPERCASUAL
180710287,GENRE_SIMULATORS
180760979,GENRE_QUESTS
180811855,GENRE_SIMULATORS
180827035,GENRE_HYPERCASUAL
180841548,GENRE_HYPERCASUAL
180860086,GENRE_HYPERCASUAL
180882350,GENRE_HYPERCASUAL
180884144,GENRE_ROLE
180922255,GENRE_LOGIC
180979065,GENRE_LOGIC
181007355,GENRE_VERBAL
181008574,GENRE_LOGIC
181008781,GENRE_HYPERCASUAL
181026284,GENRE_SIMULATORS
181063360,GENRE_LOGIC
181105772,GENRE_BOARDS
181126748,GENRE_ECONOMIC
181161248,GENRE_HYPERCASUAL
181172518,GENRE_THREE_IN_ROW
181184823,GENRE_THREE_IN_ROW
181221025,GENRE_BOARDS
181258377,GENRE_HYPERCASUAL
181274201,GENRE_HYPERCASUAL
181276271,GENRE_RACING
181276823,GENRE_THREE_IN_ROW
181297270,GENRE_SIMULATORS
181367742,GENRE_GAMBLING
181384141,GENRE_RACING
181410890,GENRE_LOGIC
181416479,GENRE_HYPERCASUAL
181418089,GENRE_HYPERCASUAL
181430486,GENRE_SIMULATORS
181431567,GENRE_LOGIC
181485364,GENRE_HYPERCASUAL
181492080,GENRE_THREE_IN_ROW
181499003,GENRE_THREE_IN_ROW
181503925,GENRE_HYPERCASUAL
181505443,GENRE_HYPERCASUAL
181515839,GENRE_RACING
181571131,GENRE_LOGIC
181646801,GENRE_LOGIC
181694595,GENRE_SIMULATORS
181704784,GENRE_HYPERCASUAL
181707452,GENRE_LOGIC
181714375,GENRE_ECONOMIC
181743401,GENRE_HYPERCASUAL
181757109,GENRE_LOGIC
181757661,GENRE_ECONOMIC
181758236,GENRE_STRATEGY
181759409,GENRE_3D_SHOOTERS
181767137,GENRE_LOGIC
181770242,GENRE_BOARDS
181834527,GENRE_STRATEGY
181840231,GENRE_LOGIC
181841634,GENRE_STRATEGY
181874616,GENRE_LOGIC
181910588,GENRE_GAMBLING
181923698,GENRE_SIMULATORS
181924342,GENRE_SIMULATORS
181936348,GENRE_HYPERCASUAL
181970066,GENRE_BOARDS
181973815,GENRE_LOGIC
181987270,GENRE_QUESTS
182042033,GENRE_BOARDS
182053763,GENRE_QUESTS
182089275,GENRE_LOGIC
182178906,GENRE_3D_SHOOTERS
182208852,GENRE_SIMULATORS
182214602,GENRE_LOGIC
182236153,GENRE_LOGIC
182278473,GENRE_GAMBLING
182280773,GENRE_THREE_IN_ROW
182297862,GENRE_LOGIC
182342574,GENRE_GAMBLING
182361043,GENRE_HYPERCASUAL
182381720,GENRE_HYPERCASUAL
182411597,GENRE_VERBAL
182424339,GENRE_HYPERCASUAL
182466268,GENRE_VERBAL
182476319,GENRE_LOGIC
182549988,GENRE_SIMULATORS
182595183,GENRE_LOGIC
182609098,GENRE_VERBAL
182616067,GENRE_QUESTS
182628142,GENRE_HYPERCASUAL
182631638,GENRE_QUESTS
182668829,GENRE_HYPERCASUAL
182669450,GENRE_ROLE
182679087,GENRE_BOARDS
182689391,GENRE_LOGIC
182689414,GENRE_LOGIC
182754550,GENRE_QUESTS
182806967,GENRE_QUESTS
182861408,GENRE_COMMUNICATION
182903843,GENRE_LOGIC
182936894,GENRE_RACING
182942000,GENRE_HYPERCASUAL
182978570,GENRE_HYPERCASUAL
182983722,GENRE_HYPERCASUAL
183000880,GENRE_STRATEGY
183021879,GENRE_3D_SHOOTERS
183036484,GENRE_LOGIC
183070915,GENRE_THREE_IN_ROW
183124988,GENRE_SIMULATORS
183125011,GENRE_SIMULATORS
183195253,GENRE_SIMULATORS
183198864,GENRE_THREE_IN_ROW
183213239,GENRE_LOGIC
183228511,GENRE_LOGIC
183259584,GENRE_ECONOMIC
183282791,GENRE_HYPERCASUAL
183306596,GENRE_HYPERCASUAL
183320051,GENRE_LOGIC
183323984,GENRE_SIMULATORS
183329090,GENRE_HYPERCASUAL
183354298,GENRE_HYPERCASUAL
183355655,GENRE_BOARDS
183373526,GENRE_LOGIC
183398504,GENRE_BOARDS
183433165,GENRE_BOARDS
183473829,GENRE_HYPERCASUAL
183476497,GENRE_HYPERCASUAL
183481051,GENRE_HYPERCASUAL
183524245,GENRE_BOARDS
183524337,GENRE_BOARDS
183532870,GENRE_HYPERCASUAL
183548855,GENRE_ROLE
183554835,GENRE_HYPERCASUAL
183578847,GENRE_HYPERCASUAL
183578893,GENRE_ARCADES
183581515,GENRE_BOARDS
183595499,GENRE_HYPERCASUAL
183601732,GENRE_RACING
183615164,GENRE_COMMUNICATION
183621443,GENRE_HYPERCASUAL
183622708,GENRE_HYPERCASUAL
183625629,GENRE_HYPERCASUAL
183636278,GENRE_HYPERCASUAL
183693916,GENRE_BOARDS
183746517,GENRE_BOARDS
183762226,GENRE_LOGIC
183808755,GENRE_BOARDS
183832583,GENRE_LOGIC
183832951,GENRE_3D_SHOOTERS
183860068,GENRE_COMMUNICATION
183880515,GENRE_LOGIC
184004416,GENRE_LOGIC
184010649,GENRE_HYPERCASUAL
184071622,GENRE_LOGIC
184090666,GENRE_SIMULATORS
184090896,GENRE_VERBAL
184092253,GENRE_HYPERCASUAL
184112470,GENRE_ECONOMIC
184117231,GENRE_HYPERCASUAL
184178917,GENRE_HYPERCASUAL
184189428,GENRE_HYPERCASUAL
184194672,GENRE_LOGIC
184197202,GENRE_LOGIC
184273194,GENRE_LOGIC
184290973,GENRE_HYPERCASUAL
184307234,GENRE_LOGIC
184375705,GENRE_LOGIC
184439921,GENRE_HYPERCASUAL
184440082,GENRE_STRATEGY
184466141,GENRE_LOGIC
184469039,GENRE_LOGIC
184470511,GENRE_HYPERCASUAL
184473041,GENRE_RACING
184489233,GENRE_HYPERCASUAL
184501929,GENRE_THREE_IN_ROW
184540017,GENRE_GAMBLING
184540063,GENRE_HYPERCASUAL
184591238,GENRE_STRATEGY
184623139,GENRE_ARCADES
184628498,GENRE_COMMUNICATION
184651314,GENRE_HYPERCASUAL
184654971,GENRE_BOARDS
184661848,GENRE_HYPERCASUAL
184677189,GENRE_HYPERCASUAL
184687355,GENRE_LOGIC
184689770,GENRE_BOARDS
184691633,GENRE_LOGIC
184701247,GENRE_QUESTS
184720314,GENRE_ECONOMIC
184727007,GENRE_HYPERCASUAL
184732849,GENRE_LOGIC
184732987,GENRE_HYPERCASUAL
184734505,GENRE_THREE_IN_ROW
184755412,GENRE_SIMULATORS
184765877,GENRE_HYPERCASUAL
184770592,GENRE_THREE_IN_ROW
184774272,GENRE_HYPERCASUAL
184780252,GENRE_LOGIC
184789705,GENRE_LOGIC
184794282,GENRE_BOARDS
184813510,GENRE_THREE_IN_ROW
184825700,GENRE_LOGIC
184830576,GENRE_HYPERCASUAL
184839247,GENRE_LOGIC
184856359,GENRE_LOGIC
184895689,GENRE_LOGIC
184904475,GENRE_LOGIC
184914457,GENRE_RACING
184914572,GENRE_HYPERCASUAL
184934076,GENRE_HYPERCASUAL
184953626,GENRE_LOGIC
184962205,GENRE_LOGIC
184974579,GENRE_HYPERCASUAL
185016232,GENRE_LOGIC
185048271,GENRE_LOGIC
185049996,GENRE_LOGIC
185069822,GENRE_LOGIC
185095881,GENRE_HYPERCASUAL
185102643,GENRE_HYPERCASUAL
185102827,GENRE_HYPERCASUAL
185120813,GENRE_SIMULATORS
185122331,GENRE_VERBAL
185124217,GENRE_HYPERCASUAL
185143560,GENRE_BOARDS
185155842,GENRE_RACING
185158280,GENRE_HYPERCASUAL
185160649,GENRE_VERBAL
185164214,GENRE_HYPERCASUAL
185172517,GENRE_STRATEGY
185175783,GENRE_QUESTS
185227510,GENRE_SIMULATORS
185246324,GENRE_LOGIC
185247658,GENRE_HYPERCASUAL
185249544,GENRE_VERBAL
185256628,GENRE_LOGIC
185271118,GENRE_LOGIC
185272866,GENRE_LOGIC
185278616,GENRE_HYPERCASUAL
185296717,GENRE_THREE_IN_ROW
185300328,GENRE_THREE_IN_ROW
185313599,GENRE_HYPERCASUAL
185331769,GENRE_THREE_IN_ROW
185338002,GENRE_BOARDS
185344948,GENRE_VERBAL
185370294,GENRE_HYPERCASUAL
185385750,GENRE_THREE_IN_ROW
185399665,GENRE_HYPERCASUAL
185400378,GENRE_HYPERCASUAL
185405208,GENRE_RACING
185410613,GENRE_VERBAL
185415489,GENRE_VERBAL
185461466,GENRE_LOGIC
185463950,GENRE_SIMULATORS
185465813,GENRE_LOGIC
185466043,GENRE_LOGIC
185466457,GENRE_LOGIC
185470666,GENRE_LOGIC
185485179,GENRE_LOGIC
185486973,GENRE_LOGIC
185517149,GENRE_HYPERCASUAL
185537320,GENRE_GAMBLING
185554708,GENRE_SIMULATORS
185563264,GENRE_HYPERCASUAL
185572648,GENRE_SIMULATORS
185580721,GENRE_COMMUNICATION
185594820,GENRE_HYPERCASUAL
185594958,GENRE_HYPERCASUAL
185619637,GENRE_BOARDS
185626721,GENRE_LOGIC
185639049,GENRE_HYPERCASUAL
185682772,GENRE_LOGIC
185688568,GENRE_HYPERCASUAL
185699746,GENRE_SIMULATORS
185708532,GENRE_3D_SHOOTERS
185714466,GENRE_QUESTS
185716099,GENRE_LOGIC
185722999,GENRE_LOGIC
185726909,GENRE_THREE_IN_ROW
185730405,GENRE_GAMBLING
185744343,GENRE_VERBAL
185755107,GENRE_RACING
185772518,GENRE_ROLE
185772587,GENRE_ROLE
185772679,GENRE_ROLE
185772771,GENRE_ROLE
185772794,GENRE_ROLE
185798508,GENRE_HYPERCASUAL
185798669,GENRE_HYPERCASUAL
185803476,GENRE_BOARDS
185834043,GENRE_STRATEGY
185919672,GENRE_BOARDS
185925261,GENRE_HYPERCASUAL
185939337,GENRE_RACING
185956564,GENRE_RACING
185960796,GENRE_SIMULATORS
185969743,GENRE_SIMULATORS
185990765,GENRE_LOGIC
186023103,GENRE_HYPERCASUAL
186031291,GENRE_HYPERCASUAL
186039732,GENRE_HYPERCASUAL
186040261,GENRE_THREE_IN_ROW
186044654,GENRE_HYPERCASUAL
186048863,GENRE_LOGIC
186049714,GENRE_HYPERCASUAL
186084352,GENRE_QUESTS
186085157,GENRE_HYPERCASUAL
186087112,GENRE_HYPERCASUAL
186102246,GENRE_HYPERCASUAL
186114528,GENRE_HYPERCASUAL
186133917,GENRE_STRATEGY
186190796,GENRE_HYPERCASUAL
186196339,GENRE_LOGIC
186200341,GENRE_LOGIC
186203354,GENRE_BOARDS
186219063,GENRE_RACING
186242868,GENRE_BOARDS
186257703,GENRE_HYPERCASUAL
186264189,GENRE_RACING
186266650,GENRE_3D_SHOOTERS
186267938,GENRE_LOGIC
186271411,GENRE_THREE_IN_ROW
186283256,GENRE_RACING
186311224,GENRE_LOGIC
186339583,GENRE_HYPERCASUAL
186353958,GENRE_HYPERCASUAL
186355039,GENRE_3D_SHOOTERS
186355223,GENRE_HYPERCASUAL
186364515,GENRE_COMMUNICATION
186366079,GENRE_LOGIC
186403615,GENRE_HYPERCASUAL
186410262,GENRE_THREE_IN_ROW
186411274,GENRE_BOARDS
186503481,GENRE_HYPERCASUAL
186533427,GENRE_ROLE
186533726,GENRE_HYPERCASUAL
186549987,GENRE_HYPERCASUAL
186554357,GENRE_HYPERCASUAL
186555967,GENRE_HYPERCASUAL
186569031,GENRE_STRATEGY
186576506,GENRE_ROLE
186583843,GENRE_THREE_IN_ROW
186595642,GENRE_RACING
186611949,GENRE_SIMULATORS
186625013,GENRE_LOGIC
186637157,GENRE_HYPERCASUAL
186642769,GENRE_LOGIC
186655695,GENRE_3D_SHOOTERS
186665861,GENRE_SIMULATORS
186677499,GENRE_RACING
186685480,GENRE_SIMULATORS
186687711,GENRE_SIMULATORS
186711079,GENRE_BOARDS
186717450,GENRE_LOGIC
186723499,GENRE_HYPERCASUAL
186752226,GENRE_LOGIC
186800687,GENRE_HYPERCASUAL
186803631,GENRE_ECONOMIC
186809312,GENRE_HYPERCASUAL
186824906,GENRE_HYPERCASUAL
186826240,GENRE_LOGIC
186832013,GENRE_HYPERCASUAL
186844686,GENRE_ECONOMIC
186863569,GENRE_SIMULATORS
186879876,GENRE_LOGIC
186905705,GENRE_HYPERCASUAL
186918424,GENRE_HYPERCASUAL
186930131,GENRE_LOGIC
186930499,GENRE_LOGIC
186932776,GENRE_THREE_IN_ROW
186935444,GENRE_SIMULATORS
186950739,GENRE_LOGIC
186966563,GENRE_LOGIC
186985561,GENRE_RACING
187014725,GENRE_LOGIC
187045223,GENRE_LOGIC
187048282,GENRE_HYPERCASUAL
187048443,GENRE_RACING
187051479,GENRE_LOGIC
187058057,GENRE_HYPERCASUAL
187058080,GENRE_HYPERCASUAL
187058333,GENRE_LOGIC
187058402,GENRE_HYPERCASUAL
187058448,GENRE_HYPERCASUAL
187058494,GENRE_HYPERCASUAL
187067257,GENRE_THREE_IN_ROW
187075422,GENRE_THREE_IN_ROW
187084668,GENRE_HYPERCASUAL
187093684,GENRE_LOGIC
187096053,GENRE_HYPERCASUAL
187113602,GENRE_LOGIC
187137913,GENRE_LOGIC
187145250,GENRE_LOGIC
187159027,GENRE_RACING
187165007,GENRE_SIMULATORS
187186857,GENRE_VERBAL
187188191,GENRE_HYPERCASUAL
187205418,GENRE_THREE_IN_ROW
187211536,GENRE_HYPERCASUAL
187227360,GENRE_HYPERCASUAL
187229614,GENRE_SIMULATORS
187233593,GENRE_HYPERCASUAL
187233823,GENRE_LOGIC
187233984,GENRE_HYPERCASUAL
187234789,GENRE_LOGIC
187251464,GENRE_VERBAL
187264436,GENRE_HYPERCASUAL
187276258,GENRE_ARCADES
187276304,GENRE_HYPERCASUAL
187276350,GENRE_ARCADES
187280881,GENRE_VERBAL
187292174,GENRE_HYPERCASUAL
187324926,GENRE_ROLE
187332953,GENRE_LOGIC
187359403,GENRE_LOGIC
187359426,GENRE_HYPERCASUAL
187359472,GENRE_THREE_IN_ROW
187359495,GENRE_STRATEGY
187359587,GENRE_HYPERCASUAL
187359610,GENRE_HYPERCASUAL
187359633,GENRE_HYPERCASUAL
187359656,GENRE_HYPERCASUAL
187359679,GENRE_HYPERCASUAL
187406277,GENRE_LOGIC
187420215,GENRE_SIMULATORS
187427460,GENRE_VERBAL
187432727,GENRE_THREE_IN_ROW
187442663,GENRE_HYPERCASUAL
187452254,GENRE_HYPERCASUAL
187468975,GENRE_THREE_IN_ROW
187470907,GENRE_SIMULATORS
187483488,GENRE_VERBAL
187489123,GENRE_LOGIC
187489675,GENRE_ECONOMIC
187503866,GENRE_HYPERCASUAL
187504165,GENRE_QUESTS
187504878,GENRE_LOGIC
187516332,GENRE_HYPERCASUAL
187517206,GENRE_SIMULATORS
187522082,GENRE_THREE_IN_ROW
187539079,GENRE_LOGIC
187539125,GENRE_VERBAL
187539171,GENRE_LOGIC
187539194,GENRE_LOGIC
187539217,GENRE_LOGIC
187539263,GENRE_HYPERCASUAL
187539309,GENRE_LOGIC
187539332,GENRE_LOGIC
187557640,GENRE_LOGIC
187559710,GENRE_RACING
187585608,GENRE_THREE_IN_ROW
187597384,GENRE_3D_SHOOTERS
187611552,GENRE_3D_SHOOTERS
187644695,GENRE_THREE_IN_ROW
187656379,GENRE_HYPERCASUAL
187667465,GENRE_LOGIC
187684347,GENRE_LOGIC
187684416,GENRE_RACING
187684531,GENRE_LOGIC
187684600,GENRE_SIMULATORS
187684623,GENRE_RACING
187684715,GENRE_HYPERCASUAL
187688694,GENRE_RACING
187708888,GENRE_LOGIC
187709417,GENRE_LOGIC
187712315,GENRE_RACING
187749230,GENRE_LOGIC
187753623,GENRE_HYPERCASUAL
187812250,GENRE_LOGIC
187827177,GENRE_VERBAL
187835503,GENRE_LOGIC
187843093,GENRE_HYPERCASUAL
187856019,GENRE_BOARDS
187873361,GENRE_HYPERCASUAL
187884263,GENRE_THREE_IN_ROW
187909609,GENRE_LOGIC
187911081,GENRE_BOARDS
187918349,GENRE_SIMULATORS
187921201,GENRE_BOARDS
187923754,GENRE_HYPERCASUAL
187923938,GENRE_HYPERCASUAL
187979966,GENRE_HYPERCASUAL
188016122,GENRE_THREE_IN_ROW
188019112,GENRE_HYPERCASUAL
188042572,GENRE_RACING
188046045,GENRE_HYPERCASUAL
188060949,GENRE_SIMULATORS
188064077,GENRE_SIMULATORS
188084340,GENRE_COMMUNICATION
188096254,GENRE_THREE_IN_ROW
188111641,GENRE_STRATEGY
188111779,GENRE_HYPERCASUAL
188131421,GENRE_RACING
188137033,GENRE_SIMULATORS
188141702,GENRE_HYPERCASUAL
188142576,GENRE_HYPERCASUAL
188151569,GENRE_THREE_IN_ROW
188160746,GENRE_ECONOMIC
188196396,GENRE_SIMULATORS
188202767,GENRE_LOGIC
188209276,GENRE_HYPERCASUAL
188213347,GENRE_LOGIC
188228573,GENRE_HYPERCASUAL
188263809,GENRE_HYPERCASUAL
188268133,GENRE_HYPERCASUAL
188289224,GENRE_ROLE
188289247,GENRE_ROLE
188289339,GENRE_ROLE
188289684,GENRE_ROLE
188334971,GENRE_HYPERCASUAL
188336374,GENRE_HYPERCASUAL
188364756,GENRE_HYPERCASUAL
188372392,GENRE_HYPERCASUAL
188417035,GENRE_LOGIC
188422578,GENRE_HYPERCASUAL
188422601,GENRE_LOGIC
188427914,GENRE_HYPERCASUAL
188427960,GENRE_HYPERCASUAL
188429501,GENRE_ECONOMIC
188447280,GENRE_HYPERCASUAL
188459562,GENRE_HYPERCASUAL
188464967,GENRE_LOGIC
188496937,GENRE_HYPERCASUAL
188519362,GENRE_LOGIC
188525020,GENRE_HYPERCASUAL
188533967,GENRE_LOGIC
188536152,GENRE_ARCADES
188548227,GENRE_HYPERCASUAL
188555564,GENRE_HYPERCASUAL
188595929,GENRE_LOGIC
188606624,GENRE_VERBAL
188615778,GENRE_SIMULATORS
188692368,GENRE_HYPERCASUAL
188704075,GENRE_LOGIC
188704098,GENRE_LOGIC
188713551,GENRE_LOGIC
188713804,GENRE_BOARDS
188713896,GENRE_LOGIC
188727167,GENRE_VERBAL
188731238,GENRE_LOGIC
188760931,GENRE_THREE_IN_ROW
188767900,GENRE_ECONOMIC
188785725,GENRE_HYPERCASUAL
188795477,GENRE_THREE_IN_ROW
188847457,GENRE_LOGIC
188861303,GENRE_STRATEGY
188861441,GENRE_HYPERCASUAL
188868387,GENRE_HYPERCASUAL
188868663,GENRE_THREE_IN_ROW
188872251,GENRE_HYPERCASUAL
188873746,GENRE_HYPERCASUAL
188873792,GENRE_HYPERCASUAL
188879220,GENRE_STRATEGY
188879381,GENRE_LOGIC
188879473,GENRE_LOGIC
188879565,GENRE_VERBAL
188891456,GENRE_THREE_IN_ROW
188898839,GENRE_BOARDS
188910247,GENRE_HYPERCASUAL
188914640,GENRE_LOGIC
188915468,GENRE_SIMULATORS
188918343,GENRE_SIMULATORS
188952705,GENRE_LOGIC
188967080,GENRE_THREE_IN_ROW
188972209,GENRE_LOGIC
188985480,GENRE_HYPERCASUAL
188990839,GENRE_ECONOMIC
189006893,GENRE_THREE_IN_ROW
189007882,GENRE_VERBAL
189018324,GENRE_HYPERCASUAL
189018623,GENRE_LOGIC
189028283,GENRE_HYPERCASUAL
189032722,GENRE_LOGIC
189054043,GENRE_LOGIC
189054135,GENRE_LOGIC
189054963,GENRE_HYPERCASUAL
189055009,GENRE_HYPERCASUAL
189068947,GENRE_LOGIC
189085967,GENRE_LOGIC
189115637,GENRE_HYPERCASUAL
189115660,GENRE_LOGIC
189115729,GENRE_HYPERCASUAL
189115752,GENRE_SIMULATORS
189115798,GENRE_HYPERCASUAL
189115821,GENRE_3D_SHOOTERS
189115867,GENRE_3D_SHOOTERS
189115890,GENRE_HYPERCASUAL
189115913,GENRE_THREE_IN_ROW
189115936,GENRE_HYPERCASUAL
189115959,GENRE_HYPERCASUAL
189140293,GENRE_SIMULATORS
189171872,GENRE_HYPERCASUAL
189192917,GENRE_STRATEGY
189194504,GENRE_LOGIC
189194711,GENRE_HYPERCASUAL
189211110,GENRE_LOGIC
189235950,GENRE_THREE_IN_ROW
189253361,GENRE_THREE_IN_ROW
189254649,GENRE_HYPERCASUAL
189263803,GENRE_STRATEGY
189291127,GENRE_HYPERCASUAL
189304697,GENRE_HYPERCASUAL
189305525,GENRE_LOGIC
189324638,GENRE_VERBAL
189332274,GENRE_LOGIC
421241113,GENRE_LOGIC
421893462,GENRE_SIMULATORS
425214110,GENRE_LOGIC
426168771,GENRE_HYPERCASUAL
433007223,GENRE_HYPERCASUAL
434163364,GENRE_HYPERCASUAL
438018739,GENRE_LOGIC
440758591,GENRE_THREE_IN_ROW
1140347337,GENRE_ECONOMIC
1182083206,GENRE_HYPERCASUAL
1182085391,GENRE_BOARDS
1182124353,GENRE_SIMULATORS
1182137026,GENRE_SIMULATORS
1182159037,GENRE_HYPERCASUAL
1182159083,GENRE_HYPERCASUAL
1182159129,GENRE_HYPERCASUAL
1182159175,GENRE_LOGIC
1182159221,GENRE_HYPERCASUAL
1182159428,GENRE_HYPERCASUAL
1182159474,GENRE_HYPERCASUAL
1182159543,GENRE_RACING
1182159566,GENRE_QUESTS
1182159589,GENRE_HYPERCASUAL
1182159658,GENRE_HYPERCASUAL
1182159704,GENRE_HYPERCASUAL
1182159750,GENRE_HYPERCASUAL
1182159796,GENRE_HYPERCASUAL
1182159888,GENRE_HYPERCASUAL
1182159934,GENRE_HYPERCASUAL
1182159980,GENRE_HYPERCASUAL
1182167386,GENRE_HYPERCASUAL
1182185372,GENRE_LOGIC
1182206946,GENRE_HYPERCASUAL
1182225438,GENRE_HYPERCASUAL
1182234799,GENRE_THREE_IN_ROW
1182290919,GENRE_HYPERCASUAL
1182294162,GENRE_HYPERCASUAL
1182302120,GENRE_LOGIC
1182306904,GENRE_LOGIC
1182319117,GENRE_HYPERCASUAL
1182327696,GENRE_QUESTS
1182329030,GENRE_HYPERCASUAL
1182375421,GENRE_HYPERCASUAL
1182375513,GENRE_HYPERCASUAL
1182415487,GENRE_HYPERCASUAL
1182415579,GENRE_SIMULATORS
1182431127,GENRE_LOGIC
1182439982,GENRE_THREE_IN_ROW
1182442857,GENRE_HYPERCASUAL
1182457876,GENRE_HYPERCASUAL
1182475080,GENRE_THREE_IN_ROW
1182490007,GENRE_LOGIC
1182499368,GENRE_HYPERCASUAL
1182527382,GENRE_RACING
1182532580,GENRE_BOARDS
1182534029,GENRE_SIMULATORS
1182536513,GENRE_LOGIC
1182545529,GENRE_THREE_IN_ROW
1182545621,GENRE_LOGIC
1182575061,GENRE_HYPERCASUAL
1182586377,GENRE_HYPERCASUAL
1182601051,GENRE_BOARDS
1182614115,GENRE_HYPERCASUAL
1182614138,GENRE_HYPERCASUAL
1182614161,GENRE_HYPERCASUAL
1182614184,GENRE_HYPERCASUAL
1182614230,GENRE_HYPERCASUAL
1182614253,GENRE_HYPERCASUAL
1182614276,GENRE_HYPERCASUAL
1182614299,GENRE_HYPERCASUAL
1182614322,GENRE_THREE_IN_ROW
1182614345,GENRE_HYPERCASUAL
1182614368,GENRE_HYPERCASUAL
1182614391,GENRE_HYPERCASUAL
1182614414,GENRE_HYPERCASUAL
1182614437,GENRE_HYPERCASUAL
1182614460,GENRE_LOGIC
1182614483,GENRE_THREE_IN_ROW
1182614506,GENRE_HYPERCASUAL
1182614529,GENRE_QUESTS
1182614552,GENRE_HYPERCASUAL
1182614575,GENRE_HYPERCASUAL
1182614621,GENRE_HYPERCASUAL
1182614644,GENRE_STRATEGY
1182614667,GENRE_HYPERCASUAL
1182614690,GENRE_HYPERCASUAL
1182614713,GENRE_HYPERCASUAL
1182614736,GENRE_HYPERCASUAL
1182614759,GENRE_HYPERCASUAL
1182614782,GENRE_HYPERCASUAL
1182614805,GENRE_HYPERCASUAL
1182614828,GENRE_HYPERCASUAL
1182614851,GENRE_HYPERCASUAL
1182614874,GENRE_HYPERCASUAL
1182621659,GENRE_GAMBLING
1182625247,GENRE_ARCADES
1182636517,GENRE_HYPERCASUAL
1182644038,GENRE_HYPERCASUAL
1182651881,GENRE_HYPERCASUAL
1182667452,GENRE_ARCADES
1182672742,GENRE_LOGIC
1182676560,GENRE_LOGIC
1182691556,GENRE_LOGIC
1182698364,GENRE_LOGIC
1182712670,GENRE_QUESTS
1182719432,GENRE_ECONOMIC
1182722767,GENRE_GAMBLING
1182734175,GENRE_ARCADES
1182742570,GENRE_STRATEGY
1182754806,GENRE_HYPERCASUAL
1182761982,GENRE_HYPERCASUAL
1182764995,GENRE_HYPERCASUAL
1182771596,GENRE_QUESTS
1182774241,GENRE_VERBAL
1182793308,GENRE_HYPERCASUAL
1182793400,GENRE_ARCADES
1182804072,GENRE_LOGIC
1182809178,GENRE_HYPERCASUAL
1182816124,GENRE_HYPERCASUAL
1182816975,GENRE_LOGIC
1182821782,GENRE_VERBAL
1182825692,GENRE_LOGIC
1182834018,GENRE_ECONOMIC
1182834547,GENRE_HYPERCASUAL
1182850647,GENRE_BOARDS
1182852395,GENRE_SIMULATORS
1182868679,GENRE_HYPERCASUAL
1182873371,GENRE_STRATEGY
1182901017,GENRE_HYPERCASUAL
1182903869,GENRE_HYPERCASUAL
1182920222,GENRE_HYPERCASUAL
1182931630,GENRE_LOGIC
1182937058,GENRE_SIMULATORS
1182938047,GENRE_BOARDS
1183019766,GENRE_LOGIC
1183072712,GENRE_HYPERCASUAL
1183076484,GENRE_ROLE
1183087961,GENRE_HYPERCASUAL
1183096126,GENRE_HYPERCASUAL
1183118367,GENRE_THREE_IN_ROW
1183125359,GENRE_HYPERCASUAL
1183143529,GENRE_HYPERCASUAL
1183151947,GENRE_BOARDS
1183158249,GENRE_ARCADES
1183177523,GENRE_HYPERCASUAL
1183186332,GENRE_GAMBLING
1183207883,GENRE_LOGIC
1183211356,GENRE_HYPERCASUAL
1183229434,GENRE_HYPERCASUAL
1183256735,GENRE_QUESTS
1183262140,GENRE_HYPERCASUAL
1183266717,GENRE_HYPERCASUAL
1183278102,GENRE_HYPERCASUAL
1183303517,GENRE_STRATEGY
1183320077,GENRE_HYPERCASUAL
1183339259,GENRE_HYPERCASUAL
1183344940,GENRE_ECONOMIC
1183355589,GENRE_ECONOMIC
1183355612,GENRE_SIMULATORS
1183355635,GENRE_3D_SHOOTERS
1183355658,GENRE_HYPERCASUAL
1183355681,GENRE_HYPERCASUAL
1183355727,GENRE_RACING
1183355773,GENRE_RACING
1183355796,GENRE_3D_SHOOTERS
1183355819,GENRE_HYPERCASUAL
1183355842,GENRE_3D_SHOOTERS
1183355865,GENRE_3D_SHOOTERS
1183355888,GENRE_RACING
1183355911,GENRE_HYPERCASUAL
1183355934,GENRE_HYPERCASUAL
1183355957,GENRE_RACING
1183355980,GENRE_HYPERCASUAL
1183356003,GENRE_SIMULATORS
1183356026,GENRE_HYPERCASUAL
1183356049,GENRE_BOARDS
1183356095,GENRE_LOGIC
1183356164,GENRE_THREE_IN_ROW
1183356233,GENRE_LOGIC
1183356279,GENRE_HYPERCASUAL
1183356302,GENRE_HYPERCASUAL
1183356348,GENRE_HYPERCASUAL
1183356509,GENRE_HYPERCASUAL
1183356532,GENRE_HYPERCASUAL
1183372471,GENRE_SIMULATORS
1183374357,GENRE_LOGIC
1183374380,GENRE_HYPERCASUAL
1183374426,GENRE_HYPERCASUAL
1183394114,GENRE_HYPERCASUAL
1183394528,GENRE_LOGIC
1183414561,GENRE_LOGIC
1183418379,GENRE_HYPERCASUAL
1183434916,GENRE_HYPERCASUAL
1183434962,GENRE_ARCADES
1183434985,GENRE_HYPERCASUAL
1183436664,GENRE_LOGIC
1183439815,GENRE_THREE_IN_ROW
1183441494,GENRE_ECONOMIC
1183447888,GENRE_RACING
1183447911,GENRE_GAMBLING
1183447934,GENRE_3D_SHOOTERS
1183447957,GENRE_SIMULATORS
1183455938,GENRE_HYPERCASUAL
1183455961,GENRE_SIMULATORS
1183458928,GENRE_RACING
1183467208,GENRE_VERBAL
1183482848,GENRE_LOGIC
1183504353,GENRE_BOARDS
1183553757,GENRE_HYPERCASUAL
1183563992,GENRE_HYPERCASUAL
1183574618,GENRE_LOGIC
1183587337,GENRE_HYPERCASUAL
1183700129,GENRE_HYPERCASUAL
1183727453,GENRE_ECONOMIC
1183741046,GENRE_RACING
1183774695,GENRE_BOARDS
1183775753,GENRE_LOGIC
1183788679,GENRE_VERBAL
1183798270,GENRE_LOGIC
1183818878,GENRE_LOGIC
1183818901,GENRE_BOARDS
1183819062,GENRE_LOGIC
1183831022,GENRE_LOGIC
1183837600,GENRE_VERBAL
1183846225,GENRE_LOGIC
1183846248,GENRE_LOGIC
1183846271,GENRE_LOGIC
1183846317,GENRE_LOGIC
1183846363,GENRE_LOGIC
1183846386,GENRE_LOGIC
1183846432,GENRE_LOGIC
1183846478,GENRE_LOGIC
1183846501,GENRE_LOGIC
1183849721,GENRE_LOGIC
1183851055,GENRE_HYPERCASUAL
1183870743,GENRE_SIMULATORS
1183885739,GENRE_HYPERCASUAL
1183888706,GENRE_ROLE
1183889672,GENRE_THREE_IN_ROW
1183922562,GENRE_LOGIC
1183925437,GENRE_HYPERCASUAL
1183937535,GENRE_HYPERCASUAL
1183942894,GENRE_SIMULATORS
1183953152,GENRE_THREE_IN_ROW
1183953635,GENRE_LOGIC
1183959431,GENRE_HYPERCASUAL
1183974404,GENRE_HYPERCASUAL
1183979441,GENRE_HYPERCASUAL
1183980729,GENRE_HYPERCASUAL
1183980936,GENRE_HYPERCASUAL
1183984179,GENRE_HYPERCASUAL
1183993149,GENRE_LOGIC
1184041265,GENRE_STRATEGY
1184044968,GENRE_HYPERCASUAL
1184050028,GENRE_ROLE
1184062747,GENRE_LOGIC
1184069670,GENRE_LOGIC
1184072407,GENRE_BOARDS
1184089128,GENRE_HYPERCASUAL
1184097523,GENRE_3D_SHOOTERS
1184104883,GENRE_RACING
1184115371,GENRE_LOGIC
1184122087,GENRE_3D_SHOOTERS
1184142580,GENRE_HYPERCASUAL
1184190903,GENRE_SIMULATORS
1184211902,GENRE_THREE_IN_ROW
1184217422,GENRE_3D_SHOOTERS
1184245114,GENRE_THREE_IN_ROW
1184245252,GENRE_VERBAL
1184268873,GENRE_VERBAL
1184269862,GENRE_HYPERCASUAL
1184286054,GENRE_SIMULATORS
1184308410,GENRE_SIMULATORS
1184309905,GENRE_RACING
1184317932,GENRE_STRATEGY
1184321129,GENRE_STRATEGY
1184331778,GENRE_THREE_IN_ROW
1184339943,GENRE_THREE_IN_ROW
1184340035,GENRE_3D_SHOOTERS
1184340058,GENRE_HYPERCASUAL
1184340081,GENRE_HYPERCASUAL
1184340840,GENRE_QUESTS
1184340863,GENRE_HYPERCASUAL
1184340886,GENRE_HYPERCASUAL
1184340909,GENRE_HYPERCASUAL
1184340932,GENRE_LOGIC
1184366715,GENRE_SIMULATORS
1184366738,GENRE_STRATEGY
1184366784,GENRE_ECONOMIC
1184377088,GENRE_ECONOMIC
1184391808,GENRE_VERBAL
1184392291,GENRE_THREE_IN_ROW
1184394913,GENRE_STRATEGY
1184394936,GENRE_3D_SHOOTERS
1184394959,GENRE_HYPERCASUAL
1184394982,GENRE_HYPERCASUAL
1184395051,GENRE_BOARDS
1184395074,GENRE_HYPERCASUAL
1184395097,GENRE_ECONOMIC
1184395166,GENRE_QUESTS
1184395189,GENRE_STRATEGY
1184395235,GENRE_LOGIC
1184395281,GENRE_3D_SHOOTERS
1184395304,GENRE_LOGIC
1184395327,GENRE_BOARDS
1184395350,GENRE_BOARDS
1184395419,GENRE_RACING
1184395442,GENRE_HYPERCASUAL
1184395511,GENRE_3D_SHOOTERS
1184395534,GENRE_HYPERCASUAL
1184395557,GENRE_SIMULATORS
1184398064,GENRE_SIMULATORS
1184398087,GENRE_ARCADES
1184398110,GENRE_THREE_IN_ROW
1184398133,GENRE_HYPERCASUAL
1184398179,GENRE_SIMULATORS
1184398202,GENRE_HYPERCASUAL
1184398248,GENRE_STRATEGY
1184398271,GENRE_RACING
1184398294,GENRE_HYPERCASUAL
1184398363,GENRE_THREE_IN_ROW
1184398386,GENRE_STRATEGY
1184398455,GENRE_HYPERCASUAL
1184398478,GENRE_3D_SHOOTERS
1184398501,GENRE_HYPERCASUAL
1184398524,GENRE_STRATEGY
1184398570,GENRE_ROLE
1184398593,GENRE_HYPERCASUAL
1184410369,GENRE_LOGIC
1184426699,GENRE_HYPERCASUAL
1184470836,GENRE_HYPERCASUAL
1184525622,GENRE_LOGIC
1184544068,GENRE_VERBAL
1184564078,GENRE_BOARDS
1184565872,GENRE_HYPERCASUAL
1184604420,GENRE_ECONOMIC
1184615690,GENRE_ARCADES
1184617070,GENRE_SIMULATORS
1184620865,GENRE_SIMULATORS
1184628317,GENRE_HYPERCASUAL
1184638391,GENRE_HYPERCASUAL
1184647269,GENRE_SIMULATORS
1184674041,GENRE_RACING
1184694028,GENRE_HYPERCASUAL
1184696788,GENRE_LOGIC
1184706862,GENRE_SIMULATORS
1184708978,GENRE_HYPERCASUAL
1184712267,GENRE_HYPERCASUAL
1184720340,GENRE_STRATEGY
1184760912,GENRE_LOGIC
1184780048,GENRE_QUESTS
1184789662,GENRE_ROLE
1184812708,GENRE_HYPERCASUAL
1184813582,GENRE_3D_SHOOTERS
1184816710,GENRE_VERBAL
1184823426,GENRE_STRATEGY
1184834834,GENRE_LOGIC
1184852245,GENRE_HYPERCASUAL
1184893691,GENRE_LOGIC
1184899556,GENRE_LOGIC
1184907031,GENRE_BOARDS
1184935160,GENRE_ARCADES
1184943509,GENRE_RACING
1184943532,GENRE_LOGIC
1184944084,GENRE_RACING
1184948293,GENRE_BOARDS
1184957654,GENRE_QUESTS
1184984012,GENRE_HYPERCASUAL
1185018351,GENRE_3D_SHOOTERS
1185018420,GENRE_HYPERCASUAL
1185021502,GENRE_LOGIC
1185021617,GENRE_HYPERCASUAL
1185024584,GENRE_QUESTS
1185024975,GENRE_QUESTS
1185054691,GENRE_BOARDS
1185056853,GENRE_ECONOMIC
1185057221,GENRE_LOGIC
1185058992,GENRE_HYPERCASUAL
1185059176,GENRE_COMMUNICATION
1185062994,GENRE_ROLE
1185091629,GENRE_RACING
1185107660,GENRE_VERBAL
1185110512,GENRE_SIMULATORS
1185135697,GENRE_STRATEGY
1185149152,GENRE_SIMULATORS
1185164148,GENRE_QUESTS
1185165298,GENRE_RACING
1185165758,GENRE_LOGIC
1185165850,GENRE_VERBAL
1185171853,GENRE_BOARDS
1185174245,GENRE_LOGIC
1185189655,GENRE_BOARDS
1185191104,GENRE_LOGIC
1185206997,GENRE_HYPERCASUAL
1185208538,GENRE_QUESTS
1185208630,GENRE_LOGIC
1185217922,GENRE_HYPERCASUAL
1185220475,GENRE_HYPERCASUAL
1185220544,GENRE_RACING
1185220567,GENRE_3D_SHOOTERS
1185221464,GENRE_QUESTS
1185226225,GENRE_QUESTS
1185243130,GENRE_LOGIC
1185253434,GENRE_LOGIC
1185265854,GENRE_ARCADES
1185266682,GENRE_LOGIC
1185269258,GENRE_LOGIC
1185272892,GENRE_SIMULATORS
1185274226,GENRE_LOGIC
1185289360,GENRE_BOARDS
1185354496,GENRE_LOGIC
1185403003,GENRE_HYPERCASUAL
1185403026,GENRE_HYPERCASUAL
1185403095,GENRE_HYPERCASUAL
1185403141,GENRE_VERBAL
1185403187,GENRE_HYPERCASUAL
1185403210,GENRE_VERBAL
1185435663,GENRE_GAMBLING
1185444219,GENRE_HYPERCASUAL
1185453580,GENRE_LOGIC
1185455052,GENRE_QUESTS
1185456823,GENRE_ARCADES
1185478282,GENRE_ARCADES
1185487505,GENRE_HYPERCASUAL
1185487689,GENRE_STRATEGY
1185487873,GENRE_HYPERCASUAL
1185495371,GENRE_HYPERCASUAL
1185495394,GENRE_HYPERCASUAL
1185495417,GENRE_HYPERCASUAL
1185495440,GENRE_HYPERCASUAL
1185495463,GENRE_THREE_IN_ROW
1185495509,GENRE_THREE_IN_ROW
1185495532,GENRE_SIMULATORS
1185495578,GENRE_THREE_IN_ROW
1185495624,GENRE_LOGIC
1185495647,GENRE_THREE_IN_ROW
1185495670,GENRE_3D_SHOOTERS
1185495739,GENRE_HYPERCASUAL
1185495762,GENRE_LOGIC
1185495785,GENRE_3D_SHOOTERS
1185495854,GENRE_SIMULATORS
1185495969,GENRE_HYPERCASUAL
1185495992,GENRE_ARCADES
1185496015,GENRE_HYPERCASUAL
1185496107,GENRE_HYPERCASUAL
1185496153,GENRE_3D_SHOOTERS
1185496199,GENRE_STRATEGY
1185496245,GENRE_LOGIC
1185496291,GENRE_3D_SHOOTERS
1185496314,GENRE_BOARDS
1185496337,GENRE_LOGIC
1185496360,GENRE_STRATEGY
1185511080,GENRE_QUESTS
1185541693,GENRE_HYPERCASUAL
1185545856,GENRE_ARCADES
1185561841,GENRE_LOGIC
1185572145,GENRE_ARCADES
1185574146,GENRE_VERBAL
1185597100,GENRE_STRATEGY
1185598434,GENRE_STRATEGY
1185600343,GENRE_ARCADES
1185603517,GENRE_HYPERCASUAL
1185603540,GENRE_THREE_IN_ROW
1185603563,GENRE_HYPERCASUAL
1185610210,GENRE_ARCADES
1185616581,GENRE_ARCADES
1185620652,GENRE_THREE_IN_ROW
1185627506,GENRE_SIMULATORS
1185632405,GENRE_LOGIC
1185641444,GENRE_RACING
1185648252,GENRE_LOGIC
1185676519,GENRE_RACING
1185700071,GENRE_ARCADES
1185729672,GENRE_RACING
1185742161,GENRE_QUESTS
1185745519,GENRE_HYPERCASUAL
1185745542,GENRE_ARCADES
1185745565,GENRE_ARCADES
1185745588,GENRE_ARCADES
1185749590,GENRE_THREE_IN_ROW
1185749728,GENRE_LOGIC
1185749774,GENRE_THREE_IN_ROW
1185749843,GENRE_THREE_IN_ROW
1185749935,GENRE_STRATEGY
1185749981,GENRE_HYPERCASUAL
1185750050,GENRE_HYPERCASUAL
1185750073,GENRE_SIMULATORS
1185750096,GENRE_HYPERCASUAL
1185751936,GENRE_THREE_IN_ROW
1185755294,GENRE_RACING
1185798856,GENRE_3D_SHOOTERS
1185800857,GENRE_VERBAL
1185801570,GENRE_QUESTS
1185806584,GENRE_ARCADES
1185819740,GENRE_BOARDS
1185845155,GENRE_QUESTS
1185867718,GENRE_QUESTS
1185867994,GENRE_THREE_IN_ROW
1185868063,GENRE_3D_SHOOTERS
1185868086,GENRE_THREE_IN_ROW
1185868155,GENRE_HYPERCASUAL
1185870271,GENRE_GAMBLING
1185883197,GENRE_SIMULATORS
1185891178,GENRE_LOGIC
1185895870,GENRE_QUESTS
1185902563,GENRE_RACING
1185909601,GENRE_QUESTS
1185909693,GENRE_3D_SHOOTERS
1185919468,GENRE_QUESTS
1185921262,GENRE_ECONOMIC
1185947896,GENRE_SIMULATORS
1185951001,GENRE_QUESTS
1185951162,GENRE_LOGIC
1185967262,GENRE_QUESTS
1185973242,GENRE_STRATEGY
1185988997,GENRE_QUESTS
1186000543,GENRE_HYPERCASUAL
1186010249,GENRE_QUESTS
1186017333,GENRE_HYPERCASUAL
1186031823,GENRE_LOGIC
1186032812,GENRE_HYPERCASUAL
1186033341,GENRE_HYPERCASUAL
1186059630,GENRE_QUESTS
1186071199,GENRE_HYPERCASUAL
1186071268,GENRE_LOGIC
1186071360,GENRE_QUESTS
1186071498,GENRE_ARCADES
1186071567,GENRE_LOGIC
1186071590,GENRE_THREE_IN_ROW
1186071636,GENRE_HYPERCASUAL
1186071682,GENRE_ROLE
1186071751,GENRE_STRATEGY
1186071797,GENRE_LOGIC
1186071820,GENRE_THREE_IN_ROW
1186071935,GENRE_SIMULATORS
1186071981,GENRE_RACING
1186072096,GENRE_LOGIC
1186072119,GENRE_HYPERCASUAL
1186072165,GENRE_HYPERCASUAL
1186072234,GENRE_3D_SHOOTERS
1186072280,GENRE_STRATEGY
1186072349,GENRE_3D_SHOOTERS
1186072372,GENRE_QUESTS
1186072487,GENRE_HYPERCASUAL
1186072533,GENRE_HYPERCASUAL
1186072671,GENRE_BOARDS
1186072694,GENRE_HYPERCASUAL
1186072763,GENRE_3D_SHOOTERS
1186075316,GENRE_HYPERCASUAL
1186081411,GENRE_HYPERCASUAL
1186082423,GENRE_HYPERCASUAL
1186100639,GENRE_HYPERCASUAL
1186102088,GENRE_BOARDS
1186102479,GENRE_QUESTS
1186106297,GENRE_RACING
1186111702,GENRE_BOARDS
1186130056,GENRE_LOGIC
1186135277,GENRE_HYPERCASUAL
1186147973,GENRE_HYPERCASUAL
1186148663,GENRE_HYPERCASUAL
1186150871,GENRE_HYPERCASUAL
1186151032,GENRE_HYPERCASUAL
1186164188,GENRE_HYPERCASUAL
1186165660,GENRE_QUESTS
1186167569,GENRE_HYPERCASUAL
1186168098,GENRE_QUESTS
1186184612,GENRE_ARCADES
1186189511,GENRE_HYPERCASUAL
1186194617,GENRE_LOGIC
1186195008,GENRE_GAMBLING
1186210970,GENRE_ARCADES
1186211729,GENRE_ARCADES
1186223942,GENRE_ARCADES
1186228887,GENRE_QUESTS
1186240295,GENRE_3D_SHOOTERS
1186253865,GENRE_LOGIC
1186295748,GENRE_ARCADES
1186298876,GENRE_VERBAL
1186308260,GENRE_HYPERCASUAL
1186310054,GENRE_QUESTS
1186328132,GENRE_3D_SHOOTERS
1186346417,GENRE_BOARDS
1186348188,GENRE_THREE_IN_ROW
1186350120,GENRE_LOGIC
1186351086,GENRE_ARCADES
1186351385,GENRE_BOARDS
1186351638,GENRE_GAMBLING
1186359274,GENRE_BOARDS
1186364748,GENRE_ARCADES
1186369670,GENRE_LOGIC
1186375259,GENRE_QUESTS
1186375627,GENRE_ARCADES
1186392739,GENRE_HYPERCASUAL
1186396419,GENRE_GAMBLING
1186431264,GENRE_BOARDS
1186488143,GENRE_SIMULATORS
1186533016,GENRE_RACING
1186542147,GENRE_HYPERCASUAL
1186542377,GENRE_LOGIC
1186553739,GENRE_VERBAL
1186569287,GENRE_THREE_IN_ROW
1186583340,GENRE_HYPERCASUAL
1186591091,GENRE_QUESTS
1186591298,GENRE_VERBAL
1186619772,GENRE_ARCADES
1186619841,GENRE_RACING
1186624073,GENRE_SIMULATORS
1186626051,GENRE_STRATEGY
1186646521,GENRE_LOGIC
1186660597,GENRE_LOGIC
1186674512,GENRE_LOGIC
1186698524,GENRE_HYPERCASUAL
1186715820,GENRE_HYPERCASUAL
1186717085,GENRE_LOGIC
1186725480,GENRE_HYPERCASUAL
1186729344,GENRE_BOARDS
1186732863,GENRE_ECONOMIC
1186759934,GENRE_HYPERCASUAL
1186776218,GENRE_THREE_IN_ROW
1186780381,GENRE_LOGIC
1186805796,GENRE_LOGIC
1186853636,GENRE_ARCADES
1186868609,GENRE_ARCADES
1186878407,GENRE_THREE_IN_ROW
1186880730,GENRE_LOGIC
1186894967,GENRE_HYPERCASUAL
1186896738,GENRE_RACING
1186921440,GENRE_ARCADES
1186937678,GENRE_THREE_IN_ROW
1186946717,GENRE_ARCADES
1186961414,GENRE_HYPERCASUAL
1186979860,GENRE_HYPERCASUAL
1186996167,GENRE_3D_SHOOTERS
1187010887,GENRE_ECONOMIC
1187013992,GENRE_BOARDS
1187032093,GENRE_SIMULATORS
1187050010,GENRE_LOGIC
1187050953,GENRE_LOGIC
1187051551,GENRE_BOARDS
1187059509,GENRE_ARCADES
1187067306,GENRE_HYPERCASUAL
1187079818,GENRE_HYPERCASUAL
1187084027,GENRE_ARCADES
1187085591,GENRE_ARCADES
1187090375,GENRE_3D_SHOOTERS
1187101507,GENRE_ARCADES
1187111052,GENRE_QUESTS
1187111259,GENRE_ARCADES
1187117676,GENRE_LOGIC
1187125956,GENRE_HYPERCASUAL
1187126853,GENRE_3D_SHOOTERS
1187135984,GENRE_THREE_IN_ROW
1187136766,GENRE_HYPERCASUAL
1187150244,GENRE_HYPERCASUAL
1187150313,GENRE_SIMULATORS
1187150359,GENRE_HYPERCASUAL
1187150428,GENRE_HYPERCASUAL
1187150520,GENRE_HYPERCASUAL
1187150543,GENRE_LOGIC
1187150635,GENRE_HYPERCASUAL
1187150704,GENRE_HYPERCASUAL
1187150727,GENRE_THREE_IN_ROW
1187150750,GENRE_HYPERCASUAL
1187150865,GENRE_HYPERCASUAL
1187150911,GENRE_QUESTS
1187150957,GENRE_STRATEGY
1187151003,GENRE_HYPERCASUAL
1187151049,GENRE_QUESTS
1187151118,GENRE_SIMULATORS
1187151187,GENRE_THREE_IN_ROW
1187151279,GENRE_HYPERCASUAL
1187151394,GENRE_3D_SHOOTERS
1187151440,GENRE_LOGIC
1187155120,GENRE_BOARDS
1187182996,GENRE_LOGIC
1187199694,GENRE_BOARDS
1187211447,GENRE_LOGIC
1187220969,GENRE_QUESTS
1187222464,GENRE_BOARDS
1187229686,GENRE_THREE_IN_ROW
1187230744,GENRE_STRATEGY
1187249857,GENRE_SIMULATORS
1187251628,GENRE_BOARDS
1187251904,GENRE_HYPERCASUAL
1187254641,GENRE_RACING
1187285829,GENRE_ARCADES
1187292913,GENRE_LOGIC
1187296731,GENRE_HYPERCASUAL
1187305333,GENRE_LOGIC
1187305632,GENRE_LOGIC
1187306322,GENRE_ARCADES
1187319869,GENRE_ARCADES
1187321755,GENRE_ARCADES
1187326217,GENRE_STRATEGY
1187348159,GENRE_HYPERCASUAL
1187363500,GENRE_BOARDS
1187364558,GENRE_HYPERCASUAL
1187372930,GENRE_BOARDS
1187383073,GENRE_BOARDS
1187383602,GENRE_LOGIC
1187383625,GENRE_LOGIC
1187383717,GENRE_LOGIC
1187388639,GENRE_HYPERCASUAL
1187402623,GENRE_BOARDS
1187415756,GENRE_VERBAL
1187432914,GENRE_HYPERCASUAL
1187436157,GENRE_ARCADES
1187438457,GENRE_LOGIC
1187441194,GENRE_ARCADES
1187441332,GENRE_HYPERCASUAL
1187441378,GENRE_LOGIC
1187448094,GENRE_ARCADES
1187449681,GENRE_QUESTS
1187459387,GENRE_LOGIC
1187462400,GENRE_LOGIC
1187463711,GENRE_VERBAL
1187463964,GENRE_ARCADES
1187464332,GENRE_BOARDS
1187472543,GENRE_ARCADES
1187484204,GENRE_HYPERCASUAL
1187494876,GENRE_RACING
1187500373,GENRE_LOGIC
1187512379,GENRE_ARCADES
1187520935,GENRE_BOARDS
1187528824,GENRE_HYPERCASUAL
1187549248,GENRE_GAMBLING
1187549294,GENRE_GAMBLING
1187561691,GENRE_LOGIC
1187575468,GENRE_ARCADES
1187583426,GENRE_QUESTS
1187584852,GENRE_HYPERCASUAL
1187598008,GENRE_THREE_IN_ROW
1187599066,GENRE_LOGIC
1187617259,GENRE_LOGIC
1187617282,GENRE_LOGIC
1187673379,GENRE_LOGIC
1187691043,GENRE_ARCADES
1187693573,GENRE_LOGIC
1187696126,GENRE_ARCADES
1187707649,GENRE_BOARDS
1187715423,GENRE_LOGIC
1187724163,GENRE_ROLE
1187728533,GENRE_BOARDS
1187746841,GENRE_ARCADES
1187754730,GENRE_3D_SHOOTERS
1187759008,GENRE_LOGIC
1187763309,GENRE_RACING
1187782238,GENRE_HYPERCASUAL
1187795808,GENRE_HYPERCASUAL
1187795877,GENRE_3D_SHOOTERS
1187795946,GENRE_3D_SHOOTERS
1187795969,GENRE_STRATEGY
1187796015,GENRE_HYPERCASUAL
1187796038,GENRE_SIMULATORS
1187796084,GENRE_3D_SHOOTERS
1187796130,GENRE_3D_SHOOTERS
1187796153,GENRE_3D_SHOOTERS
1187796199,GENRE_HYPERCASUAL
1187796222,GENRE_SIMULATORS
1187796245,GENRE_HYPERCASUAL
1187796314,GENRE_LOGIC
1187841877,GENRE_THREE_IN_ROW
1187841923,GENRE_RACING
1187869592,GENRE_STRATEGY
1187886037,GENRE_STRATEGY
1187887509,GENRE_SIMULATORS
1187889073,GENRE_HYPERCASUAL
1187898204,GENRE_ARCADES
1187898342,GENRE_LOGIC
1187921572,GENRE_LOGIC
1187955681,GENRE_ARCADES
1187963639,GENRE_LOGIC
1187966790,GENRE_ROLE
1187967227,GENRE_LOGIC
1187978359,GENRE_SIMULATORS
1187987605,GENRE_LOGIC
1187992711,GENRE_LOGIC
1187998714,GENRE_LOGIC
1188014032,GENRE_ARCADES
1188018954,GENRE_ARCADES
1188036963,GENRE_ARCADES
1188042368,GENRE_ARCADES
1188056835,GENRE_HYPERCASUAL
1188095383,GENRE_VERBAL
1188102053,GENRE_BOARDS
1188117578,GENRE_RACING
1188136001,GENRE_ARCADES
1188144534,GENRE_LOGIC
1188159944,GENRE_ARCADES
1188168615,GENRE_COMMUNICATION
1188177102,GENRE_ARCADES
1188191385,GENRE_BOARDS
1188203414,GENRE_HYPERCASUAL
1188209969,GENRE_HYPERCASUAL
1188234372,GENRE_THREE_IN_ROW
1188267676,GENRE_3D_SHOOTERS
1188275565,GENRE_ARCADES
1188277911,GENRE_LOGIC
1188286720,GENRE_HYPERCASUAL
1188292378,GENRE_HYPERCASUAL
1188295161,GENRE_ARCADES
1188305764,GENRE_ARCADES
1188337113,GENRE_ECONOMIC
1188359262,GENRE_SIMULATORS
1188379571,GENRE_3D_SHOOTERS
1188386839,GENRE_ECONOMIC
1188397327,GENRE_ARCADES
1188431321,GENRE_HYPERCASUAL
1188460669,GENRE_SIMULATORS
1188484060,GENRE_RACING
1188509935,GENRE_COMMUNICATION
1188538616,GENRE_ARCADES
1188549311,GENRE_SIMULATORS
1188556855,GENRE_THREE_IN_ROW
1188566055,GENRE_ARCADES
1188593356,GENRE_HYPERCASUAL
1188604419,GENRE_ARCADES
1188614378,GENRE_LOGIC
1188658400,GENRE_ARCADES
1188687702,GENRE_ARCADES
1188717004,GENRE_BOARDS
1188725284,GENRE_HYPERCASUAL
1188725997,GENRE_QUESTS
1188727814,GENRE_HYPERCASUAL
1188750676,GENRE_QUESTS
1188752884,GENRE_SIMULATORS
1188773147,GENRE_BOARDS
1188773837,GENRE_THREE_IN_ROW
1188781105,GENRE_SIMULATORS
1188781243,GENRE_RACING
1188781312,GENRE_ECONOMIC
1188781565,GENRE_SIMULATORS
1188781703,GENRE_HYPERCASUAL
1188781864,GENRE_SIMULATORS
1188781979,GENRE_HYPERCASUAL
1188782048,GENRE_ECONOMIC
1188782071,GENRE_QUESTS
1188782140,GENRE_HYPERCASUAL
1188782370,GENRE_3D_SHOOTERS
1188782416,GENRE_HYPERCASUAL
1188782531,GENRE_RACING
1188782554,GENRE_HYPERCASUAL
1188782692,GENRE_ROLE
1188782715,GENRE_HYPERCASUAL
1188782807,GENRE_ROLE
1188782899,GENRE_RACING
1188783014,GENRE_SIMULATORS
1188788948,GENRE_SIMULATORS
1188789983,GENRE_RACING
1188795595,GENRE_ARCADES
1188802610,GENRE_ARCADES
1188805761,GENRE_ARCADES
1188809878,GENRE_STRATEGY
1188814754,GENRE_RACING
1188819929,GENRE_VERBAL
1188846609,GENRE_SIMULATORS
1188857396,GENRE_QUESTS
1188868528,GENRE_HYPERCASUAL
1188877153,GENRE_ECONOMIC
1188884927,GENRE_THREE_IN_ROW
1188900038,GENRE_ARCADES
1188905282,GENRE_LOGIC
1188912550,GENRE_THREE_IN_ROW
1188927730,GENRE_ECONOMIC
1188928098,GENRE_3D_SHOOTERS
1188929087,GENRE_COMMUNICATION
1188930743,GENRE_HYPERCASUAL
1188945509,GENRE_ARCADES
1188949143,GENRE_SIMULATORS
1188952340,GENRE_HYPERCASUAL
1188960758,GENRE_THREE_IN_ROW
1188972166,GENRE_LOGIC
1188980791,GENRE_THREE_IN_ROW
1188980906,GENRE_HYPERCASUAL
1188980952,GENRE_SIMULATORS
1188992061,GENRE_ARCADES
1189030057,GENRE_BOARDS
1189032794,GENRE_VERBAL
1189039648,GENRE_THREE_IN_ROW
1189039740,GENRE_HYPERCASUAL
1189039901,GENRE_THREE_IN_ROW
1189047031,GENRE_RACING
1189050136,GENRE_SIMULATORS
1189065937,GENRE_HYPERCASUAL
1189082520,GENRE_ARCADES
1189090984,GENRE_LOGIC
1189091053,GENRE_SIMULATORS
1189105727,GENRE_RACING
1189121758,GENRE_LOGIC
1189121827,GENRE_LOGIC
1189128267,GENRE_RACING
1189129647,GENRE_COMMUNICATION
1189140296,GENRE_HYPERCASUAL
1189140319,GENRE_LOGIC
1189140480,GENRE_LOGIC
1189140526,GENRE_HYPERCASUAL
1189140549,GENRE_LOGIC
1189140595,GENRE_LOGIC
1189140779,GENRE_LOGIC
1189140917,GENRE_LOGIC
1189140963,GENRE_LOGIC
1189163411,GENRE_LOGIC
1189180546,GENRE_THREE_IN_ROW
1189189539,GENRE_BOARDS
1189191402,GENRE_LOGIC
1189192782,GENRE_ARCADES
1189223211,GENRE_HYPERCASUAL
1189256722,GENRE_HYPERCASUAL
1189258700,GENRE_HYPERCASUAL
1189278089,GENRE_ARCADES
1189284851,GENRE_GAMBLING
1189290417,GENRE_SIMULATORS
1189294465,GENRE_COMMUNICATION
1189294465,GENRE_HYPERCASUAL
1189325285,GENRE_THREE_IN_ROW
1189334531,GENRE_SIMULATORS
1189348515,GENRE_STRATEGY
1189368479,GENRE_LOGIC
1189389294,GENRE_HYPERCASUAL
1189398195,GENRE_SIMULATORS
1189398310,GENRE_RACING
1189425910,GENRE_HYPERCASUAL
1189513126,GENRE_HYPERCASUAL
1189523108,GENRE_LOGIC
1189526259,GENRE_RACING
1189527915,GENRE_HYPERCASUAL
1189553928,GENRE_ARCADES
1189559448,GENRE_RACING
1189565497,GENRE_ARCADES
1189589647,GENRE_ECONOMIC
1189595673,GENRE_LOGIC
1189601354,GENRE_HYPERCASUAL
1189601722,GENRE_HYPERCASUAL
1189616212,GENRE_QUESTS
1189627275,GENRE_ARCADES
1189645882,GENRE_HYPERCASUAL
1189662373,GENRE_VERBAL
1189690203,GENRE_HYPERCASUAL
1189728038,GENRE_LOGIC
1189730568,GENRE_HYPERCASUAL
1189731695,GENRE_ARCADES
1189754327,GENRE_LOGIC
1189760790,GENRE_HYPERCASUAL
1189772842,GENRE_HYPERCASUAL
1189773302,GENRE_QUESTS
1189776246,GENRE_LOGIC
1189776867,GENRE_RACING
1189776913,GENRE_STRATEGY
1189776959,GENRE_HYPERCASUAL
1189777028,GENRE_SIMULATORS
1189777695,GENRE_HYPERCASUAL
1189777764,GENRE_LOGIC
1189777787,GENRE_RACING
1189777925,GENRE_THREE_IN_ROW
1189786964,GENRE_ARCADES
1189787953,GENRE_LOGIC
1189807756,GENRE_RACING
1189808400,GENRE_ROLE
1189819026,GENRE_THREE_IN_ROW
1189820728,GENRE_ARCADES
1189826340,GENRE_LOGIC
1189827283,GENRE_QUESTS
1189828801,GENRE_HYPERCASUAL
1189839082,GENRE_QUESTS
1189846879,GENRE_ARCADES
1189847178,GENRE_HYPERCASUAL
1189857275,GENRE_LOGIC
1189861530,GENRE_LOGIC
1189864543,GENRE_VERBAL
1189874249,GENRE_RACING
1189897617,GENRE_HYPERCASUAL
1189898997,GENRE_ARCADES
1189903068,GENRE_HYPERCASUAL
1189914476,GENRE_ARCADES
1189940213,GENRE_LOGIC
1189953645,GENRE_THREE_IN_ROW
1189959165,GENRE_SIMULATORS
1189959510,GENRE_LOGIC
1189961649,GENRE_HYPERCASUAL
1189961925,GENRE_ARCADES
1189963351,GENRE_LOGIC
1189991618,GENRE_HYPERCASUAL
1189992745,GENRE_QUESTS
1190003601,GENRE_QUESTS
1190003831,GENRE_SIMULATORS
1190003877,GENRE_HYPERCASUAL
1190003923,GENRE_HYPERCASUAL
1190004061,GENRE_HYPERCASUAL
1190004107,GENRE_RACING
1190004153,GENRE_3D_SHOOTERS
1190004176,GENRE_RACING
1190004199,GENRE_3D_SHOOTERS
1190004245,GENRE_3D_SHOOTERS
1190017355,GENRE_STRATEGY
1190017884,GENRE_3D_SHOOTERS
1190020092,GENRE_LOGIC
1190026256,GENRE_ARCADES
1190031431,GENRE_RACING
1190043874,GENRE_ARCADES
1190047577,GENRE_COMMUNICATION
1190050521,GENRE_QUESTS
1190058778,GENRE_ARCADES
1190064689,GENRE_STRATEGY
1190067219,GENRE_THREE_IN_ROW
1190073130,GENRE_HYPERCASUAL
1190097855,GENRE_QUESTS
1190099281,GENRE_RACING
1190099580,GENRE_SIMULATORS
1190107699,GENRE_SIMULATORS
1190108412,GENRE_ARCADES
1190126812,GENRE_ROLE
1190126858,GENRE_HYPERCASUAL
1190136035,GENRE_ARCADES
1190149306,GENRE_3D_SHOOTERS
1190165107,GENRE_LOGIC
1190178516,GENRE_LOGIC
1190179022,GENRE_BOARDS
1190182886,GENRE_STRATEGY
1190184013,GENRE_ARCADES
1190190476,GENRE_3D_SHOOTERS
1190206783,GENRE_LOGIC
1190208324,GENRE_QUESTS
1190210026,GENRE_HYPERCASUAL
1190210532,GENRE_LOGIC
1190214741,GENRE_QUESTS
1190223297,GENRE_LOGIC
1190248827,GENRE_LOGIC
1190251817,GENRE_3D_SHOOTERS
1190251840,GENRE_HYPERCASUAL
1190251909,GENRE_HYPERCASUAL
1190251932,GENRE_HYPERCASUAL
1190251978,GENRE_ROLE
1190252001,GENRE_RACING
1190252024,GENRE_3D_SHOOTERS
1190252047,GENRE_HYPERCASUAL
1190252093,GENRE_HYPERCASUAL
1190252116,GENRE_HYPERCASUAL
1190252139,GENRE_ROLE
1190252185,GENRE_STRATEGY
1190265617,GENRE_ROLE
1190265640,GENRE_HYPERCASUAL
1190265709,GENRE_RACING
1190265778,GENRE_SIMULATORS
1190265824,GENRE_LOGIC
1190265847,GENRE_SIMULATORS
1190265893,GENRE_ARCADES
1190265939,GENRE_LOGIC
1190265985,GENRE_ECONOMIC
1190266008,GENRE_HYPERCASUAL
1190266031,GENRE_SIMULATORS
1190266077,GENRE_STRATEGY
1190266123,GENRE_SIMULATORS
1190269895,GENRE_ARCADES
1190284868,GENRE_BOARDS
1190286409,GENRE_QUESTS
1190288824,GENRE_THREE_IN_ROW
1190289169,GENRE_VERBAL
1190312583,GENRE_SIMULATORS
1190384343,GENRE_HYPERCASUAL
1190409643,GENRE_LOGIC
1190411023,GENRE_HYPERCASUAL
1190438462,GENRE_ROLE
1190443269,GENRE_THREE_IN_ROW
1190455275,GENRE_HYPERCASUAL
1190455367,GENRE_THREE_IN_ROW
1190461025,GENRE_STRATEGY
1190462934,GENRE_SIMULATORS
1190466867,GENRE_ARCADES
1190500585,GENRE_HYPERCASUAL
1190502011,GENRE_SIMULATORS
1190518134,GENRE_HYPERCASUAL
1190526207,GENRE_ARCADES
1190526621,GENRE_BOARDS
1190537247,GENRE_LOGIC
1190540881,GENRE_LOGIC
1190585018,GENRE_QUESTS
1190596955,GENRE_RACING
1190620553,GENRE_LOGIC
1190674442,GENRE_ARCADES
1190691439,GENRE_HYPERCASUAL
1190718257,GENRE_BOARDS
1190723179,GENRE_RACING
1190744408,GENRE_LOGIC
1190747260,GENRE_LOGIC
1190757196,GENRE_STRATEGY
1190767707,GENRE_QUESTS
1190771019,GENRE_LOGIC
1190776792,GENRE_STRATEGY
1190792018,GENRE_BOARDS
1190826863,GENRE_RACING
1190826886,GENRE_VERBAL
1190841468,GENRE_LOGIC
1190841514,GENRE_HYPERCASUAL
1190841537,GENRE_SIMULATORS
1190849541,GENRE_ARCADES
1190860098,GENRE_SIMULATORS
1190868194,GENRE_HYPERCASUAL
1190884041,GENRE_HYPERCASUAL
1190884662,GENRE_HYPERCASUAL
1190896691,GENRE_SIMULATORS
1190899980,GENRE_ARCADES
1190900003,GENRE_ARCADES
1190906834,GENRE_HYPERCASUAL
1190917345,GENRE_ECONOMIC
1190944232,GENRE_BOARDS
1190944761,GENRE_HYPERCASUAL
1190964426,GENRE_3D_SHOOTERS
1191002767,GENRE_RACING
1191006171,GENRE_ROLE
1191031954,GENRE_ARCADES
1191069927,GENRE_HYPERCASUAL
1191070042,GENRE_HYPERCASUAL
1191070111,GENRE_RACING
1191070134,GENRE_ROLE
1191070157,GENRE_HYPERCASUAL
1191070203,GENRE_SIMULATORS
1191070226,GENRE_SIMULATORS
1191070295,GENRE_ECONOMIC
1191070364,GENRE_HYPERCASUAL
1191070410,GENRE_ARCADES
1191070525,GENRE_HYPERCASUAL
1191070594,GENRE_STRATEGY
1191106773,GENRE_HYPERCASUAL
1191118066,GENRE_HYPERCASUAL
1191134419,GENRE_QUESTS
1191149415,GENRE_LOGIC
1191162663,GENRE_LOGIC
1191164917,GENRE_STRATEGY
1191174163,GENRE_SIMULATORS
1191194196,GENRE_THREE_IN_ROW
1191220094,GENRE_HYPERCASUAL
1191221612,GENRE_LOGIC
1191233388,GENRE_ROLE
1191242933,GENRE_QUESTS
1191262621,GENRE_HYPERCASUAL
1191271844,GENRE_SIMULATORS
1191303124,GENRE_LOGIC
1191347698,GENRE_ARCADES
1191359957,GENRE_3D_SHOOTERS
1191360141,GENRE_BOARDS
1191362832,GENRE_ECONOMIC
1191362855,GENRE_ECONOMIC
1191409407,GENRE_HYPERCASUAL
1191425599,GENRE_ARCADES
1191429992,GENRE_QUESTS
1191444321,GENRE_GAMBLING
1191445103,GENRE_LOGIC
1191464837,GENRE_HYPERCASUAL
1191471415,GENRE_ARCADES
1191480661,GENRE_3D_SHOOTERS
1191483030,GENRE_HYPERCASUAL
1191483053,GENRE_HYPERCASUAL
1191483191,GENRE_SIMULATORS
1191483237,GENRE_HYPERCASUAL
1191483375,GENRE_3D_SHOOTERS
1191490873,GENRE_ECONOMIC
1191497980,GENRE_BOARDS
1191501269,GENRE_LOGIC
1191505156,GENRE_VERBAL
1191511757,GENRE_ECONOMIC
1191512953,GENRE_LOGIC
1191517277,GENRE_QUESTS
1191517898,GENRE_THREE_IN_ROW
1191531376,GENRE_ARCADES
1191531399,GENRE_HYPERCASUAL
1191537103,GENRE_HYPERCASUAL
1191542439,GENRE_LOGIC
1191549776,GENRE_SIMULATORS
1191561851,GENRE_QUESTS
1191568682,GENRE_SIMULATORS
1191573995,GENRE_SIMULATORS
1191576479,GENRE_ARCADES
1191576594,GENRE_THREE_IN_ROW
1191581309,GENRE_THREE_IN_ROW
1191587404,GENRE_QUESTS
1191595293,GENRE_LOGIC
1191625722,GENRE_BOARDS
1191631426,GENRE_ARCADES
1191634876,GENRE_BOARDS
1191668962,GENRE_ECONOMIC
1191670296,GENRE_ECONOMIC
1191670480,GENRE_ARCADES
1191670526,GENRE_LOGIC
1191688696,GENRE_ARCADES
1191697666,GENRE_THREE_IN_ROW
1191704612,GENRE_HYPERCASUAL
1191704888,GENRE_VERBAL
1191718780,GENRE_THREE_IN_ROW
1191729038,GENRE_ARCADES
1191734535,GENRE_HYPERCASUAL
1191748243,GENRE_LOGIC
1191748864,GENRE_HYPERCASUAL
1191749761,GENRE_ECONOMIC
1191752935,GENRE_BOARDS
1191767149,GENRE_3D_SHOOTERS
1191767402,GENRE_ARCADES
1191768667,GENRE_HYPERCASUAL
1191778672,GENRE_SIMULATORS
1191779017,GENRE_SIMULATORS
1191780949,GENRE_STRATEGY
1191783548,GENRE_HYPERCASUAL
1191783640,GENRE_LOGIC
1191783663,GENRE_LOGIC
1191783755,GENRE_HYPERCASUAL
1191783801,GENRE_STRATEGY
1191783893,GENRE_HYPERCASUAL
1191784008,GENRE_LOGIC
1191784054,GENRE_STRATEGY
1191784077,GENRE_SIMULATORS
1191784123,GENRE_ECONOMIC
1191788125,GENRE_THREE_IN_ROW
1191788217,GENRE_ARCADES
1191788263,GENRE_ECONOMIC
1191788332,GENRE_ARCADES
1191801902,GENRE_ARCADES
1191807859,GENRE_ECONOMIC
1191813379,GENRE_RACING
1191813425,GENRE_ARCADES
1191813494,GENRE_SIMULATORS
1191813563,GENRE_SIMULATORS
1191813586,GENRE_SIMULATORS
1191813632,GENRE_RACING
1191813678,GENRE_HYPERCASUAL
1191813747,GENRE_THREE_IN_ROW
1191813770,GENRE_3D_SHOOTERS
1191813816,GENRE_HYPERCASUAL
1191813862,GENRE_3D_SHOOTERS
1191813908,GENRE_3D_SHOOTERS
1191814506,GENRE_LOGIC
1191822326,GENRE_QUESTS
1191826788,GENRE_VERBAL
1191835459,GENRE_QUESTS
1191836609,GENRE_3D_SHOOTERS
1191846338,GENRE_VERBAL
1191859885,GENRE_BOARDS
1191866624,GENRE_3D_SHOOTERS
1191866785,GENRE_HYPERCASUAL
1191870143,GENRE_QUESTS
1191870442,GENRE_BOARDS
1191870603,GENRE_BOARDS
1191878906,GENRE_HYPERCASUAL
1191882103,GENRE_ECONOMIC
1191882425,GENRE_ARCADES
1191883667,GENRE_ARCADES
1191895420,GENRE_BOARDS
1191896087,GENRE_LOGIC
1191901032,GENRE_HYPERCASUAL
1191935877,GENRE_ARCADES
1191953932,GENRE_LOGIC
1191976633,GENRE_ARCADES
1192041493,GENRE_ECONOMIC
1192043287,GENRE_COMMUNICATION
1192052579,GENRE_LOGIC
1192053246,GENRE_STRATEGY
1192080087,GENRE_HYPERCASUAL
1192093818,GENRE_VERBAL
1192164934,GENRE_HYPERCASUAL
1192171282,GENRE_ARCADES
1192178964,GENRE_LOGIC
1192179677,GENRE_ECONOMIC
1192180160,GENRE_QUESTS
1192188417,GENRE_RACING
1192192419,GENRE_COMMUNICATION
1192226574,GENRE_QUESTS
1192240075,GENRE_ARCADES
1192241731,GENRE_QUESTS
1192241800,GENRE_VERBAL
1192245434,GENRE_HYPERCASUAL
1192246492,GENRE_SIMULATORS
1192246584,GENRE_LOGIC
1192246699,GENRE_LOGIC
1192247481,GENRE_THREE_IN_ROW
1192247596,GENRE_HYPERCASUAL
1192247711,GENRE_THREE_IN_ROW
1192247734,GENRE_LOGIC
1192247780,GENRE_SIMULATORS
1192276093,GENRE_HYPERCASUAL
1192293159,GENRE_BOARDS
1192302773,GENRE_BOARDS
1192326923,GENRE_LOGIC
1192333156,GENRE_QUESTS
1192359629,GENRE_ARCADES
1192361814,GENRE_ARCADES
1192366805,GENRE_THREE_IN_ROW
1192368231,GENRE_LOGIC
1192394497,GENRE_BOARDS
1192398085,GENRE_ARCADES
1192456643,GENRE_BOARDS
1192474560,GENRE_QUESTS
1192483921,GENRE_ECONOMIC
1192489625,GENRE_LOGIC
1192489878,GENRE_LOGIC
1192503724,GENRE_LOGIC
1192526793,GENRE_VERBAL
1192532152,GENRE_ARCADES
1192543146,GENRE_HYPERCASUAL
1192576542,GENRE_ECONOMIC
1192585144,GENRE_3D_SHOOTERS
1192586616,GENRE_SIMULATORS
1192600991,GENRE_ROLE
1192603935,GENRE_3D_SHOOTERS
1192609363,GENRE_GAMBLING
1192627510,GENRE_ARCADES
1192645473,GENRE_HYPERCASUAL
1192649590,GENRE_SIMULATORS
1192654512,GENRE_STRATEGY
1192661389,GENRE_THREE_IN_ROW
1192667001,GENRE_LOGIC
1192671716,GENRE_LOGIC
1192679421,GENRE_RACING
1192713714,GENRE_RACING
1192716773,GENRE_QUESTS
1192726663,GENRE_HYPERCASUAL
1192736553,GENRE_RACING
1192736576,GENRE_SIMULATORS
1192736622,GENRE_HYPERCASUAL
1192737105,GENRE_HYPERCASUAL
1192737128,GENRE_3D_SHOOTERS
1192737174,GENRE_SIMULATORS
1192737220,GENRE_LOGIC
1192737266,GENRE_HYPERCASUAL
1192737335,GENRE_HYPERCASUAL
1192749433,GENRE_ARCADES
1192750813,GENRE_HYPERCASUAL
1192753274,GENRE_ARCADES
1192764935,GENRE_STRATEGY
1192767028,GENRE_LOGIC
1192771053,GENRE_LOGIC
1192771352,GENRE_STRATEGY
1192771720,GENRE_THREE_IN_ROW
1192774526,GENRE_ROLE
1192776964,GENRE_LOGIC
1192785198,GENRE_SIMULATORS
1192794720,GENRE_ECONOMIC
1192795686,GENRE_HYPERCASUAL
1192803920,GENRE_ECONOMIC
1192813764,GENRE_3D_SHOOTERS
1192816800,GENRE_THREE_IN_ROW
1192836925,GENRE_ARCADES
1192845458,GENRE_ARCADES
1192856406,GENRE_HYPERCASUAL
1192858660,GENRE_THREE_IN_ROW
1192862340,GENRE_RACING
1192866986,GENRE_QUESTS
1192869470,GENRE_RACING
1192874208,GENRE_3D_SHOOTERS
1192878049,GENRE_HYPERCASUAL
1192914964,GENRE_3D_SHOOTERS
1192920783,GENRE_VERBAL
1192931455,GENRE_HYPERCASUAL
1192936239,GENRE_LOGIC
1192939620,GENRE_STRATEGY
1192947325,GENRE_BOARDS
1192954823,GENRE_LOGIC
1192965380,GENRE_RACING
1192965403,GENRE_SIMULATORS
1192965541,GENRE_HYPERCASUAL
1192965587,GENRE_RACING
1192965656,GENRE_SIMULATORS
1192965725,GENRE_HYPERCASUAL
1192965794,GENRE_RACING
1192965840,GENRE_HYPERCASUAL
1192965863,GENRE_RACING
1192966024,GENRE_SIMULATORS
1192966070,GENRE_HYPERCASUAL
1192966093,GENRE_LOGIC
1192966116,GENRE_HYPERCASUAL
1192966139,GENRE_HYPERCASUAL
1192966162,GENRE_ROLE
1192966208,GENRE_HYPERCASUAL
1192966231,GENRE_ROLE
1192972809,GENRE_ARCADES
1192975270,GENRE_ARCADES
1192975477,GENRE_3D_SHOOTERS
1193002019,GENRE_ECONOMIC
1193009264,GENRE_BOARDS
1193041027,GENRE_LOGIC
1193041441,GENRE_LOGIC
1193042200,GENRE_THREE_IN_ROW
1193049951,GENRE_LOGIC
1193054022,GENRE_ECONOMIC
1193066833,GENRE_ARCADES
1193072100,GENRE_HYPERCASUAL
1193082680,GENRE_LOGIC
1193118146,GENRE_LOGIC
1193124241,GENRE_THREE_IN_ROW
1193151473,GENRE_VERBAL
1193159753,GENRE_LOGIC
1193165112,GENRE_LOGIC
1193176060,GENRE_LOGIC
1193192298,GENRE_ARCADES
1193194621,GENRE_LOGIC
1193206834,GENRE_BOARDS
1193212354,GENRE_RACING
1193219967,GENRE_ARCADES
1193236021,GENRE_HYPERCASUAL
1193240414,GENRE_THREE_IN_ROW
1193240506,GENRE_GAMBLING
1193320914,GENRE_ARCADES
1193321673,GENRE_ARCADES
1193325790,GENRE_RACING
1193367834,GENRE_GAMBLING
1193375999,GENRE_RACING
1193401207,GENRE_LOGIC
1193423770,GENRE_3D_SHOOTERS
1193437869,GENRE_LOGIC
1193437892,GENRE_RACING
1193438168,GENRE_QUESTS
1193453601,GENRE_VERBAL
1193468689,GENRE_LOGIC
1193487181,GENRE_LOGIC
1193487963,GENRE_ARCADES
1193496427,GENRE_QUESTS
1193497715,GENRE_HYPERCASUAL
1193499325,GENRE_HYPERCASUAL
1193506340,GENRE_LOGIC
1193506869,GENRE_HYPERCASUAL
1193512343,GENRE_THREE_IN_ROW
1193520853,GENRE_HYPERCASUAL
1193521359,GENRE_HYPERCASUAL
1193551075,GENRE_LOGIC
1193557193,GENRE_HYPERCASUAL
1193558113,GENRE_QUESTS
1193569613,GENRE_HYPERCASUAL
1193579940,GENRE_BOARDS
1193597604,GENRE_LOGIC
1193597903,GENRE_GAMBLING
1193600134,GENRE_BOARDS
1193602894,GENRE_ARCADES
1193606850,GENRE_THREE_IN_ROW
1193620121,GENRE_ARCADES
1193621294,GENRE_ARCADES
1193628562,GENRE_QUESTS
1193631322,GENRE_LOGIC
1193654713,GENRE_BOARDS
1193689236,GENRE_ARCADES
1193701702,GENRE_GAMBLING
1193708809,GENRE_HYPERCASUAL
1193725139,GENRE_QUESTS
1193745908,GENRE_HYPERCASUAL
1193770242,GENRE_RACING
1193775785,GENRE_LOGIC
1193814103,GENRE_ARCADES
1193825465,GENRE_ARCADES
1193839794,GENRE_ARCADES
1193853870,GENRE_ARCADES
1193961809,GENRE_3D_SHOOTERS
1193962545,GENRE_LOGIC
1193965328,GENRE_ECONOMIC
1193979634,GENRE_STRATEGY
1193979979,GENRE_ARCADES
1193991939,GENRE_THREE_IN_ROW
1193997091,GENRE_THREE_IN_ROW
1193997160,GENRE_ARCADES
1193998931,GENRE_SIMULATORS
1194028371,GENRE_LOGIC
1194038192,GENRE_RACING
1194044080,GENRE_HYPERCASUAL
1194057489,GENRE_STRATEGY
1194062710,GENRE_ARCADES
1194076786,GENRE_LOGIC
1194087251,GENRE_LOGIC
1194093829,GENRE_VERBAL
1194114046,GENRE_SIMULATORS
1194114069,GENRE_HYPERCASUAL
1194114115,GENRE_HYPERCASUAL
1194114161,GENRE_HYPERCASUAL
1194114207,GENRE_RACING
1194114253,GENRE_HYPERCASUAL
1194114276,GENRE_RACING
1194114299,GENRE_HYPERCASUAL
1194114322,GENRE_HYPERCASUAL
1194120026,GENRE_LOGIC
1194131273,GENRE_THREE_IN_ROW
1194133136,GENRE_LOGIC
1194142244,GENRE_STRATEGY
1194146223,GENRE_LOGIC
1194149466,GENRE_STRATEGY
1194153123,GENRE_BOARDS
1194153583,GENRE_HYPERCASUAL
1194155400,GENRE_ARCADES
1194162760,GENRE_LOGIC
1194202849,GENRE_3D_SHOOTERS
1194221985,GENRE_LOGIC
1194246043,GENRE_LOGIC
1194247239,GENRE_STRATEGY
1194252161,GENRE_LOGIC
1194265892,GENRE_HYPERCASUAL
1194270216,GENRE_LOGIC
1194283648,GENRE_ARCADES
1194284200,GENRE_SIMULATORS
1194287328,GENRE_ARCADES
1194289329,GENRE_HYPERCASUAL
1194303727,GENRE_VERBAL
1194310972,GENRE_LOGIC
1194310995,GENRE_BOARDS
1194316814,GENRE_LOGIC
1194318355,GENRE_ARCADES
1194319137,GENRE_RACING
1194321805,GENRE_HYPERCASUAL
1194346622,GENRE_THREE_IN_ROW
1194347680,GENRE_QUESTS
1194348853,GENRE_THREE_IN_ROW
1194370634,GENRE_ECONOMIC
1194377396,GENRE_LOGIC
1194377718,GENRE_ECONOMIC
1194389770,GENRE_ARCADES
1194402213,GENRE_3D_SHOOTERS
1194408469,GENRE_BOARDS
1194455803,GENRE_HYPERCASUAL
1194455987,GENRE_LOGIC
1194505138,GENRE_QUESTS
1194523239,GENRE_HYPERCASUAL
1194523538,GENRE_HYPERCASUAL
1194552518,GENRE_HYPERCASUAL
1194555002,GENRE_BOARDS
1194555485,GENRE_THREE_IN_ROW
1194576737,GENRE_GAMBLING
1194578232,GENRE_STRATEGY
1194595344,GENRE_VERBAL
1194618735,GENRE_BOARDS
1194621265,GENRE_QUESTS
1194625129,GENRE_GAMBLING
1194651326,GENRE_ROLE
1194699166,GENRE_GAMBLING
1194699258,GENRE_GAMBLING
1194817041,GENRE_LOGIC
1194828518,GENRE_HYPERCASUAL
1194887375,GENRE_BOARDS
1194951453,GENRE_BOARDS
1194955386,GENRE_ROLE
1194958652,GENRE_VERBAL
1194960837,GENRE_HYPERCASUAL
1194975442,GENRE_ARCADES
1194980755,GENRE_SIMULATORS
1194986965,GENRE_THREE_IN_ROW
1194990047,GENRE_HYPERCASUAL
1195006998,GENRE_RACING
1195009597,GENRE_3D_SHOOTERS
1195217517,GENRE_HYPERCASUAL
1195243622,GENRE_BOARDS
1195314094,GENRE_3D_SHOOTERS
1195334472,GENRE_LOGIC
1195451933,GENRE_LOGIC
1195476129,GENRE_LOGIC
1195580825,GENRE_VERBAL
1195598604,GENRE_HYPERCASUAL
1195602652,GENRE_STRATEGY
1195607068,GENRE_SIMULATORS
1195618384,GENRE_QUESTS
1195623053,GENRE_LOGIC
1195625560,GENRE_ECONOMIC
1195631678,GENRE_ROLE
1195648468,GENRE_GAMBLING
1195673722,GENRE_LOGIC
1195673906,GENRE_HYPERCASUAL
1195678989,GENRE_3D_SHOOTERS
1195687292,GENRE_SIMULATORS
1195690144,GENRE_LOGIC
1195731383,GENRE_ARCADES
1195746149,GENRE_HYPERCASUAL
1195759581,GENRE_STRATEGY
1195760800,GENRE_BOARDS
1195787940,GENRE_SIMULATORS
1195793575,GENRE_LOGIC
1195802223,GENRE_ECONOMIC
1195806846,GENRE_THREE_IN_ROW
1195806846,GENRE_LOGIC
1195817380,GENRE_STRATEGY
1195889071,GENRE_ARCADES
1195925572,GENRE_RACING
1196052693,GENRE_LOGIC
1196069759,GENRE_ARCADES
1196180780,GENRE_LOGIC
1196245732,GENRE_LOGIC
1196250677,GENRE_THREE_IN_ROW
1196285522,GENRE_LOGIC
1196376993,GENRE_LOGIC
1196401465,GENRE_SIMULATORS
1196401925,GENRE_RACING
1196482195,GENRE_QUESTS
1196581877,GENRE_LOGIC
1196609109,GENRE_VERBAL
1196797732,GENRE_QUESTS
1197069293,GENRE_ARCADES
1197134222,GENRE_HYPERCASUAL
1197134866,GENRE_HYPERCASUAL
1197152093,GENRE_BOARDS
1197154899,GENRE_LOGIC
1197212629,GENRE_LOGIC
1197225440,GENRE_LOGIC
1197231259,GENRE_SIMULATORS
1197239539,GENRE_STRATEGY
1197243426,GENRE_QUESTS
1197245726,GENRE_ROLE
1197382737,GENRE_HYPERCASUAL
1197572303,GENRE_THREE_IN_ROW
1197588196,GENRE_LOGIC
1197724678,GENRE_SIMULATORS
1197890991,GENRE_HYPERCASUAL
1198104339,GENRE_ARCADES
1198166876,GENRE_LOGIC
1198168141,GENRE_LOGIC
1198172350,GENRE_ARCADES
1198172442,GENRE_THREE_IN_ROW
1198220075,GENRE_HYPERCASUAL
1198248733,GENRE_HYPERCASUAL
1198348507,GENRE_HYPERCASUAL
1198362054,GENRE_STRATEGY
1198425143,GENRE_HYPERCASUAL
1198486714,GENRE_QUESTS
1198496949,GENRE_HYPERCASUAL
1198686515,GENRE_LOGIC
1198708825,GENRE_QUESTS
1198765681,GENRE_ARCADES
1198766256,GENRE_ARCADES
1198791027,GENRE_VERBAL
1198818650,GENRE_RACING
1198955316,GENRE_LOGIC
1198960054,GENRE_BOARDS
1198980823,GENRE_THREE_IN_ROW
1199077860,GENRE_LOGIC
1199187225,GENRE_THREE_IN_ROW
1199205786,GENRE_HYPERCASUAL
1199240033,GENRE_VERBAL
1199579927,GENRE_ARCADES
1199649042,GENRE_HYPERCASUAL
1199757257,GENRE_LOGIC
1199776232,GENRE_3D_SHOOTERS
1199795667,GENRE_LOGIC
1199961290,GENRE_STRATEGY
1199967132,GENRE_3D_SHOOTERS
1200173557,GENRE_LOGIC
1200344976,GENRE_SIMULATORS
1200386905,GENRE_VERBAL
1200540798,GENRE_STRATEGY
1200558163,GENRE_STRATEGY
1200601196,GENRE_HYPERCASUAL
1200628658,GENRE_BOARDS
1200643010,GENRE_THREE_IN_ROW
1200645471,GENRE_GAMBLING
1200669414,GENRE_HYPERCASUAL
1200669667,GENRE_LOGIC
1200694875,GENRE_HYPERCASUAL
1200780665,GENRE_THREE_IN_ROW
1200782528,GENRE_LOGIC
1200820225,GENRE_3D_SHOOTERS
1200850631,GENRE_BOARDS
1200925243,GENRE_SIMULATORS
1201033918,GENRE_VERBAL
1201038679,GENRE_BOARDS
1201163454,GENRE_LOGIC
1201187627,GENRE_SIMULATORS
1201346097,GENRE_QUESTS
1201355251,GENRE_THREE_IN_ROW
1201356470,GENRE_LOGIC
1201443433,GENRE_LOGIC
1201482901,GENRE_HYPERCASUAL
1201498863,GENRE_BOARDS
1201508408,GENRE_BOARDS
1201564045,GENRE_STRATEGY
1201581042,GENRE_LOGIC
1201588379,GENRE_LOGIC
1201645672,GENRE_LOGIC
1201759890,GENRE_STRATEGY
1201893957,GENRE_3D_SHOOTERS
1202013511,GENRE_BOARDS
1202179801,GENRE_LOGIC
1202231160,GENRE_ECONOMIC
1202241326,GENRE_HYPERCASUAL
1202288476,GENRE_HYPERCASUAL
1202376865,GENRE_HYPERCASUAL
1202393057,GENRE_LOGIC
1202560474,GENRE_RACING
1202593295,GENRE_STRATEGY
1202602127,GENRE_BOARDS
1202674968,GENRE_HYPERCASUAL
1202712780,GENRE_THREE_IN_ROW
1202827205,GENRE_BOARDS
1202835117,GENRE_BOARDS
1202851332,GENRE_HYPERCASUAL
1202881807,GENRE_3D_SHOOTERS
1203067026,GENRE_HYPERCASUAL
1203074777,GENRE_BOARDS
1203082551,GENRE_ARCADES
1203099272,GENRE_THREE_IN_ROW
1203202634,GENRE_RACING
1203220643,GENRE_BOARDS
1203247990,GENRE_HYPERCASUAL
1203513640,GENRE_LOGIC
1203825451,GENRE_HYPERCASUAL
1203974307,GENRE_ARCADES
1203974307,GENRE_HYPERCASUAL
1203985853,GENRE_LOGIC
1204015040,GENRE_THREE_IN_ROW
1204190231,GENRE_SIMULATORS
1204329381,GENRE_HYPERCASUAL
1204538704,GENRE_VERBAL
1204834898,GENRE_BOARDS
